 153 ; 10 пенни. Финляндия ; 1963 ;  ;  ; VF+ ; 2 ; obob999 ; 3 
 154 ; 10 пенни. Финляндия ; 1986 ;  ;  ; XF- ; 2 ; obob999 ; 3 
 155 ; 5 пенни. Финляндия ; 1977 ;  ;  ; VF-XF ; 3 ; obob999 ; 4 
 156 ; 1 пенни. Финляндия ; 1974 ;  ;  ; VF-XF ; 3 ; obob999 ; 4 
 157 ; 1/2 доллара. США ; 1973 ;  ;  ; AU ; 44 ; sasa1369 ; 93 
 158 ; 100 лей. Румыния ; 1943 ;  ;  ; VF-XF ; 29 ; salim ; 36 
 159 ; 5 сили. Гвинея ; 1971 ;  ;  ; XF ; 30 ; zero ; 40 
 160 ; 2 франка. Франция ; 1943 ;  ;  ; VF-XF ; 11 ; Kraeved ; 12 
 161 ; 5 песо. Мексика ; 1999 ;  ;  ; XF ; 36 ; obob999 ; 42 
 162 ; 1 песо. Мексика ; 1994 ;  ;  ; VF-XF ; 15 ; obob999 ; 14 
 163 ; 25 центов. Канада ; 1956 ;  ;  ; VF+ ; 10 ; sasa1369 ; 30 
 164 ; 50 грошей. Польша ; 1923 ;  ;  ; VF-XF ; 31 ; salim ; 31 
 165 ; 20 сантимов. Латвия ; 1922 ;  ;  ; VF+ ; 36 ; skir ; 81 
 166 ; 10 геллеров. Австрия ; 1895 ;  ;  ; XF+ ; 29 ; sasa1369 ; 33 
 167 ; 10 пфеннигов. Германия ; 1900 ;  ;  ; VF ; 10 ; skir ; 27 
 170 ; 20 копеек ; 1923 ;  ; Ag ; XF ; 8 ; Алек ; 70 
 171 ; 20 копеек ; 1924 ;  ; Ag ; XF ; 10 ; Алек ; 70 
 172 ; 20 копеек ; 1925 ;  ; Ag ; VF-XF ; 15 ; obob999 ; 16 
 173 ; 20 копеек ; 1927 ;  ; Ag ; VF+ ; 10 ; dron1900 ; 11 
 174 ; 20 копеек ; 1928 ;  ; Ag ; XF ; 8 ; Алек ; 50 
 175 ; 20 копеек ; 1930 ;  ; Ag ; XF+ ; 14 ; Алек ; 50 
 176 ; 20 копеек ; 1932 ;  ; Ni ; VF+ ; 16 ; Kleo ; 20 
 177 ; 20 копеек ; 1933 ;  ; Ni ; VF+ ; 40 ; Конрос бид 32 ; 35 
 178 ; 15 копеек ; 1923 ;  ; Ag ; VF-XF ; 47 ; salim ; 47 
 179 ; 15 копеек ; 1925 ;  ; Ag ; XF+ ; 31 ; Алек ; 60 
 180 ; 15 копеек ; 1927 ;  ; Ag ; XF ; 43 ; obob999 ; 42 
 181 ; 15 копеек ; 1928 ;  ; Ag ; XF+ ; 16 ; Алек ; 50 
 182 ; 15 копеек ; 1930 ;  ; Ag ; AU ; 102 ; Конрос бид 32 ; 2108 
 183 ; 10 копеек ; 1923 ;  ; Ag ; VF+ ; 13 ; salim ; 18 
 184 ; 10 копеек ; 1925 ;  ; Ag ; XF- ; 16 ; salim ; 17 
 185 ; 10 копеек ; 1927 ;  ; Ag ; XF ; 43 ; Алек ; 50 
 186 ; 10 копеек ; 1929 ;  ; Ag ; AU ; 91 ; Vico ; 227 
 187 ; 10 копеек ; 1930 ;  ; Ag ; AU ; 59 ; KKK17 ; 561 
 188 ; 3 копейки ; 1924 ; Гурт гладкий  ; Cu ; VF ; 33 ; SVE ; 108 
 189 ; 2 копейки ; 1924 ; Гурт рубчатый  ; Cu ; VF ; 24 ; dron1900 ; 111 
 190 ; 1 копейка ; 1924 ; Гурт рубчатый  ; Cu ; VF+ ; 54 ; dron1900 ; 76 
 191 ; Полкопейки ; 1925 ;  ; Cu ; VF+ ; 26 ; okotv ; 357 
 192 ; 5 копеек ; 1948 ;  ; Br ; VF-XF ; 40 ; nikolay ; 215 
 193 ; 5 копеек ; 1956 ;  ; Br ; VF+ ; 6 ; obob999 ; 7 
 194 ; 5 копеек ; 1975 ;  ; Cu-Zn ; VF+ ; 5 ; dron1900 ; 6 
 195 ; 3 копейки ; 1938 ;  ; Br ; VF+ ; 55 ; SVE ; 58 
 196 ; 3 копейки ; 1941 ;  ; Br ; VF ; 10 ; salim ; 11 
 197 ; 3 копейки ; 1949 ;  ; Br ; VF- ; 9 ; Kleo ; 10 
 198 ; 3 копейки ; 1956 ;  ; Br ; VF-XF ; 26 ; nikolay ; 140 
 199 ; 2 копейки ; 1929 ;  ; Br ; VF+ ; 46 ; SVE ; 44 
 200 ; 2 копейки ; 1952 ;  ; Br ; XF- ; 69 ; Алек ; 184 
 201 ; 1 копейка ; 1931 ;  ; Br ; VF ; 13 ; k-rolik ; 14 
 103 ; 10 пенни ; 1915 ; Финляндия  ; Cu ; VF+ ; 40 ; o.k. ; 118 
 104 ; 10 пенни ; 1916 ; Финляндия  ; Cu ; XF- ; 31 ; gutun ; 132 
 105 ; 5 пенни ; 1916 ; Финляндия  ; Cu ; VF-XF ; 49 ; jl ; 64 
 106 ; 5 пенни ; 1917 ; Финляндия. Орёл  ; Cu ; VF-XF ; 43 ; gutun ; 137 
 107 ; 1 пенни ; 1916 ; Финляндия  ; Cu ; VF-XF ; 46 ; jl ; 46 
 108 ; 1 пенни ; 1915 ; Финляндия  ; Cu ; VF-XF ; 40 ; jl ; 40 
 109 ; 1 пенни ; 1914 ; Финляндия  ; Cu ; VF-XF ; 50 ; o.k. ; 108 
 110 ; Монета античная. Сасаниды ;  ;  ;  ; VF- ; 28 ; кузин ; 153 
 111 ; Монета античная. Сасаниды ;  ;  ;  ; VF+ ; 24 ; кузин ; 402 
 112 ; Монета античная. Сасаниды ;  ;  ;  ; VF+ ; 71 ; кузин ; 561 
 113 ; Монета античная. Сасаниды ;  ;  ;  ; VF- ; 45 ; кузин ; 312 
 114 ; Монета античная. Сасаниды ;  ;  ;  ; VF+ ; 41 ; кузин ; 386 
 115 ; Монета античная. Сасаниды ;  ;  ;  ; VF-XF ; 91 ; кузин ; 786 
 116 ; Денарий. Рим. Имп. Антоний Пий ; 138-161 ;  ;  ; F-VF ; 84 ; anubis_lex ; 544 
 117 ; Монета медная. Римская империя ;  ;  ;  ; F-VF ; 47 ; 2First ; 192 
 118 ; Монета медная. Римская империя ;  ;  ;  ; F-VF ; 87 ; anubis_lex ; 481 
 119 ; Монета медная. Римская империя ;  ;  ;  ; F-VF ; 57 ; 2First ; 357 
 120 ; Монета медная. Римская империя ;  ;  ;  ; F-VF ; 68 ; 2First ; 357 
 121 ; Монета медная. Римская империя ;  ;  ;  ; F-VF ; 47 ; 2First ; 166 
 122 ; Монета средневековая ;  ;  ;  ; F-VF ; 59 ; oks ; 500 
 123 ; 1/4 эре. Швеция ; 1635 ;  ;  ; VF+ ; 24 ; anubis_lex ; 400 
 124 ; 1/4 эре. Швеция ; 1635 ;  ;  ; VF- ; 27 ; jl ; 72 
 125 ; 1/4 эре. Швеция ; 1635 ;  ;  ; VF- ; 53 ; ppp ; 53 
 126 ; 1/4 эре. Швеция ; 1636 ;  ;  ; VF- ; 23 ; oks ; 81 
 127 ; 1/4 эре. Швеция ; 1636 ;  ;  ; VF ; 21 ; oks ; 100 
 128 ; 1/4 эре. Швеция ; 1642 ;  ;  ; VF- ; 31 ; oks ; 63 
 129 ; 1/4 эре. Швеция ; 17в ;  ;  ; VF- ; 31 ; salim ; 31 
 130 ; 1/4 эре. Швеция ; 17в ;  ;  ; VF+ ; 28 ; jl ; 60 
 131 ; 1/4 эре. Швеция ; 17в ;  ;  ; VF- ; 4 ; salim ; 11 
 132 ; 1/4 эре. Швеция ; 17в ;  ;  ; VF- ; 41 ; jl ; 51 
 133 ; Монета. Китай ;  ;  ;  ; VF ; 48 ; jl ; 36 
 134 ; Монета. Китай ;  ;  ;  ; VF ; 29 ; jl ; 28 
 135 ; Монета. Китай ;  ;  ;  ; F-VF ; 34 ; jl ; 32 
 136 ; Монета. Китай ;  ;  ;  ; F-VF ; 25 ; jl ; 31 
 137 ; Талер. Бавария. Убрана напайка 12 часов ; 1773 ;  ;  ; VF+ ; 102 ; skir ; 1728 
 138 ; 1 грош. Польша ; 1767 ;  ;  ; F-VF ; 45 ; zero ; 100 
 139 ; 1 грош. Польша ; 1783 ;  ;  ; F-VF ; 125 ; zero ; 203 
 140 ; 1 грош. Польша ; 1794 ;  ;  ; F-VF ; 74 ; 2First ; 140 
 141 ; 10 пфеннигов. Германия ; 1876 ;  ;  ; VF+ ; 47 ; zero ; 53 
 142 ; 10 пфеннигов. Германия ; 1942 ;  ;  ; VF+ ; 24 ; alnov ; 53 
 143 ; 5 пфеннигов. Германия ; 1901 ;  ;  ; VF+ ; 12 ; munzen07 ; 19 
 144 ; 1 пфенниг. Германия ; 1908 ;  ;  ; VF+ ; 33 ; munzen07 ; 34 
 145 ; 5 пфеннигов. Веймар ; 1924 ;  ;  ; VF+ ; 19 ; skir ; 22 
 146 ; 10 пфеннигов. ГДР ; 1949 ;  ;  ; XF- ; 26 ; gelind ; 26 
 147 ; 5 пфеннигов. ГДР ; 1948 ;  ;  ; XF ; 26 ; gelind ; 26 
 148 ; 10 пфеннигов. ФРГ ; 1949 ;  ;  ; VF+ ; 6 ; gelind ; 15 
 149 ; "5 марок ""Ледокол-Варма"". Финляндия" ; 1972 ;  ;  ; AU ; 30 ; igors1969 ; 72 
 150 ; 50 пенни. Финляндия ; 1921 ;  ;  ; VF+ ; 55 ; igors1969 ; 101 
 151 ; 50 пенни. Финляндия ; 1977 ;  ;  ; AU ; 6 ; igors1969 ; 16 
 152 ; 20 пенни. Финляндия ; 1978 ;  ;  ; VF+ ; 6 ; igors1969 ; 11 
 53 ; 5 копеек ; 1782 ; ЕМ  ; Cu ; VF+ ; 37 ; volod ; 306 
 54 ; 5 копеек. Гурт забит ; 1792 ; ЕМ  ; Cu ; VF ; 24 ; zero ; 125 
 55 ; 3 копейки ; 1899 ; СПБ  ; Cu ; F-VF ; 12 ; Kleo ; 15 
 56 ; 3 копейки ; 1909 ; СПБ  ; Cu ; VF- ; 11 ; obob999 ; 17 
 57 ; 3 копейки ; 1912 ; СПБ  ; Cu ; VF+ ; 53 ; sinisha ; 55 
 58 ; 3 копейки ; 1915 ;  ; Cu ; VF+ ; 14 ; jl ; 18 
 59 ; 2 копейки ; 1757 ; Номинал под гербом  ; Cu ; VF- ; 63 ; zero ; 100 
 60 ; 2 копейки ; 1801 ; ЕМ  ; Cu ; F-VF ; 35 ; zero ; 51 
 61 ; 2 копейки ; 1812 ; ЕМ НМ  ; Cu ; VF- ; 38 ; zero ; 173 
 62 ; 2 копейки ; 1819 ; ЕМ НМ  ; Cu ; VF- ; 14 ; ZAA_44 ; 102 
 63 ; 2 копейки ; 1822 ; ЕМ ФГ  ; Cu ; VF ; 39 ; gelind ; 45 
 64 ; 2 копейки ; 1838 ; ЕМ НА  ; Cu ; F-VF ; 34 ; sinisha ; 51 
 65 ; 2 копейки ; 1901 ; СПБ  ; Cu ; VF- ; 34 ; SVE ; 41 
 66 ; 2 копейки ; 1906 ; СПБ  ; Cu ; VF ; 30 ; SVE ; 39 
 67 ; 2 копейки ; 1909 ; СПБ  ; Cu ; VF ; 28 ; obob999 ; 28 
 68 ; 2 копейки ; 1910 ; СПБ  ; Cu ; VF-XF ; 23 ; KKK17 ; 399 
 69 ; 2 копейки ; 1911 ; СПБ  ; Cu ; VF+ ; 15 ; obob999 ; 16 
 70 ; 2 копейки ; 1913 ; СПБ  ; Cu ; VF+ ; 34 ; SVE ; 57 
 71 ; Копейка ; 1800 ; ЕМ  ; Cu ; F-VF ; 25 ; skif ; 76 
 72 ; Копейка ; 1819 ; КМ АД  ; Cu ; F-VF ; 48 ; first ; 69 
 73 ; Копейка ; 1832 ; ЕМ ФХ  ; Cu ; F-VF ; 49 ; sinisha ; 158 
 74 ; Копейка ; 1844 ; ЕМ  ; Cu ; F-VF ; 65 ; sinisha ; 87 
 75 ; Копейка ; 1855 ; ЕМ  ; Cu ; F-VF ; 44 ; sinisha ; 44 
 76 ; Копейка ; 1860 ; ЕМ  ; Cu ; VF- ; 53 ; nikolay ; 53 
 77 ; Копейка ; 1895 ; СПБ  ; Cu ; F-VF ; 39 ; nikolay ; 62 
 78 ; Копейка ; 1903 ; СПБ  ; Cu ; VF- ; 30 ; obob999 ; 27 
 79 ; Копейка ; 1906 ; СПБ  ; Cu ; VF- ; 27 ; first ; 38 
 80 ; Копейка ; 1910 ; СПБ  ; Cu ; VF ; 31 ; obob999 ; 36 
 81 ; Копейка ; 1914 ; СПБ  ; Cu ; VF+ ; 17 ; Kleo ; 17 
 82 ; Копейка ; 1915 ;  ; Cu ; XF ; 58 ; zero ; 204 
 83 ; Денга ; 1731 ;  ; Cu ; VF- ; 58 ; ADD ; 202 
 84 ; Денга ; 1735 ;  ; Cu ; VF- ; 38 ; gelind ; 47 
 85 ; Денга ; 1737 ;  ; Cu ; VF- ; 13 ; obob999 ; 46 
 86 ; Денга ; 1738 ;  ; Cu ; VF ; 28 ; skif ; 84 
 87 ; Денга ; 1749 ;  ; Cu ; VF+ ; 9 ; okotv ; 110 
 88 ; Денга ; 1753 ;  ; Cu ; VF ; 72 ; jl ; 93 
 89 ; 1/2 копейки ; 1840 ; СПМ  ; Cu ; F-VF ; 42 ; first ; 61 
 90 ; Денежка ; 1852 ; ЕМ  ; Cu ; F-VF ; 48 ; o.k. ; 75 
 91 ; 1/2 копейки ; 1897 ; СПБ  ; Cu ; VF ; 45 ; obob999 ; 69 
 92 ; 1/2 копейки ; 1898 ; СПБ  ; Cu ; VF+ ; 18 ; k-rolik ; 63 
 93 ; 1/2 копейки ; 1899 ; СПБ  ; Cu ; XF- ; 23 ; aleksius ; 46 
 94 ; 1/2 копейки ; 1909 ; СПБ  ; Cu ; XF ; 27 ; obob999 ; 57 
 95 ; 1/2 копейки ; 1910 ; СПБ  ; Cu ; XF ; 47 ; nikolay ; 140 
 96 ; 1/2 копейки ; 1911 ; СПБ  ; Cu ; VF+ ; 36 ; obob999 ; 46 
 97 ; 1/2 копейки ; 1912 ; СПБ  ; Cu ; AU ; 14 ; zero ; 174 
 98 ; 1/2 копейки ; 1913 ; СПБ  ; Cu ; XF+ ; 18 ; aleksius ; 68 
 99 ; 1/2 копейки ; 1915 ;  ; Cu ; AU ; 102 ; Алек ; 1041 
 100 ; Полушка ; 1731 ;  ; Cu ; VF- ; 72 ; gelind ; 96 
 101 ; Полушка ; 1735 ;  ; Cu ; VF ; 62 ; o.k. ; 128 
 102 ; Полушка ; 1738 ;  ; Cu ; VF- ; 16 ; SVE ; 93 
 1 ; Рубль. Гурт-убрана напайка 12 часов ; 1853 ; СПБ HI  ; Ag ; VF ; 81 ; партизан ; 4482 
 2 ; Полтина ; 1913 ; (ВС) АГ  ; Ag ; XF- ; 87 ; evgeniy679 ; 1489 
 3 ; 20 копеек ; 1868 ; СПБ HI  ; Ag ; VF ; 60 ; evgeniy679 ; 193 
 4 ; 20 копеек ; 1869 ; СПБ HI  ; Ag ; VF ; 67 ; evgeniy679 ; 215 
 5 ; 20 копеек ; 1880 ; СПБ НФ  ; Ag ; VF+ ; 53 ; evgeniy679 ; 286 
 6 ; 20 копеек ; 1905 ; СПБ АР  ; Ag ; VF+ ; 29 ; evgeniy679 ; 108 
 7 ; 20 копеек ; 1906 ; СПБ ЭБ  ; Ag ; VF+ ; 14 ; matrix ; 79 
 8 ; 20 копеек ; 1907 ; СПБ ЭБ  ; Ag ; VF+ ; 44 ; matrix ; 71 
 9 ; 20 копеек ; 1909 ; СПБ ЭБ  ; Ag ; VF+ ; 54 ; Маниакальный ; 55 
 10 ; 20 копеек ; 1911 ; СПБ ЭБ  ; Ag ; VF-XF ; 39 ; SVE ; 113 
 11 ; 20 копеек ; 1912 ; СПБ ЭБ  ; Ag ; VF+ ; 38 ; obob999 ; 51 
 12 ; 20 копеек ; 1913 ; СПБ ВС  ; Ag ; VF+ ; 57 ; skif ; 61 
 13 ; 20 копеек ; 1914 ; СПБ ВС  ; Ag ; AU ; 21 ; nikitarus ; 108 
 14 ; 20 копеек ; 1915 ; ВС  ; Ag ; AU ; 15 ; a-kul ; 250 
 15 ; 20 копеек ; 1916 ; ВС  ; Ag ; XF+ ; 67 ; evgeniy679 ; 101 
 16 ; 15 копеек ; 1861 ; СПБ  ; Ag ; VF+ ; 65 ; evgeniy679 ; 340 
 17 ; 15 копеек ; 1876 ; СПБ HI  ; Ag ; VF ; 33 ; evgeniy679 ; 192 
 18 ; 15 копеек ; 1905 ; СПБ АР  ; Ag ; VF ; 22 ; obob999 ; 28 
 19 ; 15 копеек ; 1907 ; СПБ ЭБ  ; Ag ; VF+ ; 36 ; evgeniy679 ; 101 
 20 ; 15 копеек ; 1908 ; СПБ ЭБ  ; Ag ; VF-XF ; 42 ; Маниакальный ; 132 
 21 ; 15 копеек ; 1912 ; СПБ ЭБ  ; Ag ; VF+ ; 47 ; obob999 ; 53 
 22 ; 15 копеек ; 1913 ; СПБ ВС  ; Ag ; XF ; 16 ; evgeniy679 ; 70 
 23 ; 15 копеек ; 1914 ; СПБ ВС  ; Ag ; VF+ ; 34 ; obob999 ; 46 
 24 ; 15 копеек ; 1915 ; ВС  ; Ag ; AU ; 39 ; Алек ; 252 
 25 ; 10 копеек ; 1861 ; СПБ  ; Ag ; VF ; 73 ; evgeniy679 ; 235 
 26 ; 10 копеек ; 1903 ; СПБ АР  ; Ag ; F-VF ; 16 ; obob999 ; 21 
 27 ; 10 копеек ; 1905 ; СПБ АР  ; Ag ; F-VF ; 45 ; Волк ; 55 
 28 ; 10 копеек ; 1909 ; СПБ ЭБ  ; Ag ; VF+ ; 15 ; Волк ; 63 
 29 ; 10 копеек ; 1910 ; СПБ ЭБ  ; Ag ; VF ; 26 ; obob999 ; 25 
 30 ; 10 копеек ; 1911 ; СПБ ЭБ  ; Ag ; XF- ; 20 ; jl ; 21 
 31 ; 10 копеек ; 1913 ; СПБ ВС  ; Ag ; VF-XF ; 20 ; obob999 ; 23 
 32 ; 10 копеек ; 1914 ; СПБ ВС  ; Ag ; VF-XF ; 49 ; obob999 ; 43 
 33 ; 10 копеек ; 1915 ; ВС  ; Ag ; XF+ ; 42 ; Алек ; 137 
 34 ; 50 пенни ; 1916 ; S Финляндия  ; Ag ; XF+ ; 32 ; gutun ; 128 
 35 ; 50 пенни ; 1917 ; S Финляндия. Без короны  ; Ag ; AU ; 62 ; skir ; 261 
 36 ; 25 пенни ; 1916 ; S Финляндия  ; Ag ; XF+ ; 50 ; gutun ; 101 
 37 ; 25 пенни ; 1917 ; S Финляндия. Без короны  ; Ag ; AU ; 29 ; skir ; 157 
 40 ; Копейка ; 1613-1645 ; Михаил Федорович Московский де ;  ; VF ; 25 ; anubis_lex ; 157 
 41 ; Копейка ; 1613-1645 ; Михаил Федорович Московский де ;  ; F-VF ; 16 ; kenso ; 57 
 42 ; Копейка ; 1613-1645 ; Михаил Федорович Московский де ;  ; F-VF ; 19 ; kenso ; 51 
 43 ; Копейка ; 1613-1645 ; Михаил Федорович Московский де ;  ; F-VF ; 41 ; oks ; 41 
 44 ; Копейка ; 1613-1645 ; Михаил Федорович Московский де ;  ; VF- ; 50 ; zero ; 50 
 45 ; Копейка ; 1613-1645 ; Михаил Федорович Московский де ;  ; VF- ; 15 ; matrix ; 51 
 46 ; Копейка ; 1613-1645 ; Михаил Федорович Московский де ;  ; VF- ; 58 ; zero ; 127 
 47 ; Копейка ; 1613-1645 ; Михаил Федорович Московский де ;  ; VF ; 8 ; zero ; 111 
 48 ; Копейка ; 1617-1627 ; Михаил Федорович Новгород  ;  ; VF- ; 7 ; 2First ; 104 
 49 ; Копейка ; 1533-1584 ; Иван IV Васильевич. Псковский  ;  ; VF ; 31 ; anubis_lex ; 300 
 50 ; 5 копеек ; 1776 ; ЕМ  ; Cu ; F-VF ; 50 ; 2First ; 213 
 51 ; 5 копеек ; 1777 ; ЕМ  ; Cu ; VF+ ; 75 ; Конрос бид 32 ; 510 
 52 ; 5 копеек ; 1780 ; ЕМ  ; Cu ; VF-XF ; 32 ; skir ; 534 
