 151 ; Копейка. Новодел ; 1849 ;  ;  ; AU ; 88 ; Цена ; 70156 
 101 ; 10 копеек ; 1903 ; СПБ АР ; Ag ; AU ; 37 ; tisa66 ; 4182 
 102 ; 5 копеек ; 1862 ; СПБ МИ ; Ag ; AU ; 23 ; Продано в зале ; 5600 
 103 ; 5 копеек ; 1864 ; СПБ НФ ; Ag ; AU ; 53 ; Продано в зале ; 5700 
 104 ; 5 копеек ; 1867 ; СПБ HI ; Ag ; AU ; 32 ; Продано в зале ; 5800 
 105 ; 5 копеек ; 1868 ; СПБ HI ; Ag ; AU ; 24 ; аlеx ; 6075 
 106 ; 5 копеек ; 1871 ; СПБ HI ; Ag ; AU ; 35 ; аlеx ; 9690 
 107 ; 5 копеек ; 1872 ; СПБ HI ; Ag ; AU ; 28 ; pilot2371 ; 20000 
 108 ; 5 копеек ; 1873 ; СПБ HI ; Ag ; AU ; 24 ; аlеx ; 9690 
 109 ; 5 копеек ; 1874 ; СПБ HI ; Ag ; AU ; 12 ; cheta ; 5851 
 110 ; 5 копеек ; 1875 ; СПБ HI ; Ag ; AU ; 40 ; Продано в зале ; 28000 
 111 ; 5 копеек ; 1876 ; СПБ HI ; Ag ; AU ; 35 ; Продано в зале ; 46000 
 112 ; 5 копеек ; 1878 ; СПБ НФ ; Ag ; AU ; 20 ; pilot2371 ; 10500 
 113 ; 5 копеек ; 1785 ; КМ ; Cu ; VF-XF ; 52 ; electra ; 2091 
 114 ; 5 копеек ; 1787 ; КМ ; Cu ; VF-XF ; 48 ; electra ; 3000 
 115 ; 5 копеек. М - 63,5г ; 1809 ; ЕМ ; Cu ; VF-XF ; 25 ; дефективная ; 6001 
 116 ; 5 копеек. В капсуле PCGS. Unc Details ; 1834 ; ЕМ ФХ ; Cu ;  ; 35 ; Продано в зале ; 20000 
 117 ; 2 копейки ; 1762 ;  ; Cu ; VF ; 44 ; Продано в зале ; 25000 
 118 ; 2 копейки ; 1801 ; КМ ; Cu ; XF- ; 35 ; Абрамзон ; 2576 
 119 ; 2 копейки ; 1802 ; ЕМ ; Cu ; XF- ; 82 ; Продано в зале ; 30000 
 120 ; Лот снят ;  ;  ;  ;  ; 0 ; Не продан ; 0 
 121 ; 2 копейки ; 1845 ; СМ ; Cu ; XF+ ; 73 ; 25 ; 40209 
 122 ; Копейка ; 1728 ;  ; Cu ; VF-XF ; 49 ; fgd ; 9500 
 123 ; Копейка ; 1773 ; КМ "Сибирь" ; Cu ; VF+ ; 19 ; kornev ; 4153 
 124 ; Копейка ; 1822 ; ЕМ ФГ ; Cu ; VF+ ; 19 ; fgd ; 624 
 125 ; Копейка ; 1829 ; ЕМ ИК ; Cu ; VF+ ; 11 ; sotnik ; 2165 
 126 ; Копейка ; 1830 ; ЕМ ИК ; Cu ; VF+ ; 24 ; cheh ; 1338 
 127 ; Копейка ; 1868 ; ЕМ ; Cu ; AU ; 44 ; Продано в зале ; 6000 
 128 ; Копейка ; 1869 ; СПБ ; Cu ; XF+ ; 47 ; Продано в зале ; 6800 
 129 ; Копейка ; 1870 ; СПБ ; Cu ; XF+/XF- ; 23 ; Sky2 ; 5780 
 130 ; Копейка ; 1896 ; СПБ ; Cu ; AU ; 42 ; Продано в зале ; 10500 
 131 ; Копейка ; 1902 ; СПБ ; Cu ; XF+ ; 80 ; Продано в зале ; 5000 
 132 ; Копейка ; 1904 ; СПБ ; Cu ; AU ; 35 ; Продано в зале ; 3400 
 133 ; Копейка ; 1905 ; СПБ ; Cu ; AU ; 40 ; Продано в зале ; 3400 
 134 ; Копейка ; 1909 ; СПБ ; Cu ; AU Proof ; 42 ; Продано в зале ; 30000 
 135 ; Копейка ; 1911 ; СПБ ; Cu ; UNC Proof ; 38 ; Продано в зале ; 44000 
 136 ; Полушка. Новодел ; 1779 ; КМ ;  ; XF+ ; 157 ; Продано в зале ; 42000 
 137 ; 1/4 копейки ; 1892 ; СПБ ; Cu ; AU ; 51 ; Продано в зале ; 3600 
 138 ; Рубль ; 1922 ; (ПЛ) ; Ag ; AU ; 24 ; Продано в зале ; 46000 
 139 ; Медаль. Петр I. Битва при Лесной. D - 30mm ; 1708 ;  ; Ag ; VF-XF ; 48 ; lastfast ; 21420 
 140 ; Медаль. На открытие Александровской колонны. Медальер К.П.Уткин. D - 50mm ; 1834 ;  ; Br ; XF- ; 36 ; lupus47 ; 13371 
 141 ; Георгиевский крест. 4 степени. №1/м159687 ;  ;  ; Ag ; VF-XF ; 37 ; icebreaker ; 12368 
 142 ; Лот фрачных знаков (4шт) ;  ;  ; б/м,ж/м ; XF+/XF- ; 63 ; A-Stral ; 32813 
 143 ; Медаль. От императорской Академии Художеств. За успехи в рисовании. Медальер Р.П.Уткин. D - 51mm ; 1830 ;  ; Ag ; XF+ ; 15 ; Продано в зале ; 34000 
 144 ; Медаль. В честь коронации Николая II и Александры Федоровны в Москве. D - 51mm ; 1896 ;  ; Ag ; XF ; 26 ; Продано в зале ; 37000 
 145 ; Рубль (Петров - 4,5р) ; 1722 ;  ; Ag ; XF ; 114 ; Продано в зале ; 320000 
 146 ; Рубль (Петров - 3р). Конрос - R2+ ; 1754 ; ММД EI ; Ag ; XF- ; 46 ; Продано в зале ; 65000 
 147 ; Рубль ; 1840 ; СПБ НГ ; Ag ; AU ; 76 ; Продано в зале ; 19000 
 148 ; Рубль ; 1912 ; (ЭБ) ; Ag ; AU ; 31 ; Продано в зале ; 21000 
 149 ; 2 копейки ; 1757 ; Номинал над гербом ; Cu ; F+ ; 108 ; Продано в зале ; 23000 
 150 ; 2 копейки ; 1759 ;  ; Cu ; VF+ ; 59 ; Сыч ; 15086 
 51 ; Рубль ; 1906 ; (ЭБ) ; Ag ; UNC полир ; 41 ; Продано в зале ; 440000 
 52 ; Рубль ; 1907 ; (ЭБ) ; Ag ; UNC полир ; 32 ; Продано в зале ; 220000 
 53 ; Рубль ; 1908 ; (ЭБ) ; Ag ; UNC полир ; 74 ; Продано в зале ; 250000 
 54 ; 1,5 рубля ; 1839 ; На открытие бородинского памятника-часовни ; Ag ; XF+ ; 68 ; finger ; 880000 
 55 ; Рубль ; 1834 ; "На открытие Александровской колонны" ; Ag ; VF-XF ; 33 ; Продано в зале ; 55000 
 56 ; Рубль ; 1859 ; На открытие памятника Николаю I ; Ag ; AU ; 48 ; Продано в зале ; 86000 
 57 ; Рубль ; 1912 ; На столетие отечественной войны 1812 г. ; Ag ; AU ; 44 ; Продано в зале ; 115000 
 58 ; Рубль ; 1914 ; На 200-летие гангутского сражения ; Ag ; UNC полир ; 104 ; Продано в зале ; 980000 
 59 ; 10 злотых ; 1823 ; IB Польша ; Ag ; XF+ ; 65 ; Продано в зале ; 215000 
 60 ; 1,5 рубля-10 злотых ; 1835 ; НГ Рус.-Пол. ; Ag ; AU/XF+ ; 93 ; Продано в зале ; 32000 
 61 ; 2 злотых ; 1831 ; KG польское восстание 1830-1831 гг. ; Ag ; XF ; 83 ; Victory-2001 ; 11220 
 62 ; 15 копеек-1 злотый ; 1839 ; MW Рус.-Пол. ; Ag ; XF+ ; 40 ; Продано в зале ; 8000 
 63 ; Полтина (Конрос - R2) ; 1702 ;  ; Ag ; VF-XF ; 28 ; Продано в зале ; 310000 
 64 ; Полтина ; 1721 ;  ; Ag ; VF+/VF-XF ; 42 ; Продано в зале ; 37500 
 65 ; Полтина ; 1727 ;  ; Ag ; UNC ; 73 ; Продано в зале ; 1600000 
 66 ; Полтина ; 1727 ; СПБ ; Ag ; VF+ ; 24 ; Продано в зале ; 95000 
 67 ; Полтина ; 1732 ;  ; Ag ; AU ; 65 ; Продано в зале ; 175000 
 68 ; Полтина ; 1739 ;  ; Ag ; VF-XF ; 45 ; нумизмат ; 37740 
 69 ; Полтина (Петров-20р, Ильин-20р) ; 1741 ; СПБ ; Ag ; XF+ ; 39 ; Продано в зале ; 580000 
 70 ; Полтина ; 1762 ; ММД ДМ ; Ag ; XF ; 29 ; Продано в зале ; 130000 
 71 ; Полтина ; 1762 ; СПБ НК TI ; Ag ; XF- ; 35 ; Продано в зале ; 24000 
 72 ; Полтина ; 1894 ; (АГ) ; Ag ; XF+/AU ; 19 ; sax ; 26456 
 73 ; Полтина ; 1896 ; (АГ) АГ ; Ag ; UNC полир. ; 5 ; Продано в зале ; 145000 
 74 ; Полтина ; 1897 ; ( * ) ; Ag ; AU полир ; 24 ; Продано в зале ; 165000 
 75 ; Полтина ; 1899 ; (АГ) АГ ; Ag ; UNC полир. ; 32 ; Продано в зале ; 195000 
 76 ; Полтина ; 1899 ; ( * ) ; Ag ; UNC полир ; 75 ; Продано в зале ; 200000 
 77 ; Полтина ; 1901 ; (ФЗ) АГ ; Ag ; UNC полир. ; 57 ; Продано в зале ; 150000 
 78 ; Полтина ; 1901 ; (АР) АГ ; Ag ; UNC Proof ; 26 ; Продано в зале ; 370000 
 79 ; Полтина ; 1902 ; (АР) АГ ; Ag ; UNC Proof ; 60 ; Продано в зале ; 540000 
 80 ; Полтина ; 1906 ; (ЭБ) АГ ; Ag ; AU полир ; 64 ; Продано в зале ; 380000 
 81 ; Полтина ; 1907 ; (ЭБ) АГ ; Ag ; UNC полир ; 39 ; Продано в зале ; 215000 
 82 ; Полтина ; 1908 ; (ЭБ) АГ ; Ag ; UNC полир ; 74 ; Продано в зале ; 240000 
 83 ; Полтина ; 1911 ; (ЭБ) АГ ; Ag ; UNC полир ; 35 ; Продано в зале ; 150000 
 84 ; Полтина ; 1913 ; (ЭБ) АГ ; Ag ; UNC Proof ; 40 ; Продано в зале ; 160000 
 85 ; Полтина ; 1914 ; (ВС) АГ ; Ag ; AU полир ; 25 ; Продано в зале ; 130000 
 86 ; 25 копеек ; 1895 ; АГ ; Ag ; AU ; 12 ; sherst1 ; 18000 
 87 ; 25 копеек ; 1896 ; АГ ; Ag ; UNC полир ; 19 ; Продано в зале ; 170000 
 88 ; 25 копеек ; 1896 ; АГ ; Ag ; AU ; 45 ; sherst1 ; 10500 
 89 ; 25 копеек ; 1900 ; АГ ; Ag ; UNC Proof ; 72 ; Продано в зале ; 380000 
 90 ; 25 копеек ; 1900 ; АГ ; Ag ; XF+ ; 47 ; Продано в зале ; 48000 
 91 ; 20 копеек. В капсуле NGC. MS66 ; 1905 ; СПБ АР ; Ag ; AU ; 48 ; sheff78 ; 18062 
 92 ; 20 копеек ; 1906 ; СПБ ЭБ ; Ag ; AU ; 15 ; tisa66 ; 4805 
 93 ; 15 копеек ; 1785 ; СПБ ; Ag ; XF- ; 49 ; Продано в зале ; 5200 
 94 ; 15 копеек ; 1865 ; СПБ НФ ; Ag ; AU ; 6 ; Продано в зале ; 3800 
 95 ; 15 копеек ; 1906 ; СПБ ЭБ ; Ag ; AU ; 16 ; Продано в зале ; 4200 
 96 ; Гривенник ; 1756 ; МБ ; Ag ; AU ; 37 ; Продано в зале ; 32000 
 97 ; 10 копеек ; 1839 ; СПБ НГ ; Ag ; XF+ ; 32 ; Продано в зале ; 4400 
 98 ; 10 копеек ; 1882 ; СПБ НФ ; Ag ; XF+ ; 72 ; Olimpia ; 9860 
 99 ; 10 копеек ; 1889 ; СПБ АГ ; Ag ; AU ; 18 ; TaraskaPeter ; 4382 
 100 ; 10 копеек ; 1898 ; СПБ АГ ; Ag ; AU ; 35 ; Продано в зале ; 8200 
 1 ; 10 рублей. М - 12,93г ; 1766 ; СПБ ТI ; Au ; XF ; 39 ; papinazu ; 210000 
 2 ; 5 рублей. М - 6,55 г ; 1767 ; СПБ ТI Нов.вар. ; Au ; XF- ; 29 ; nikolas1957 ; 155000 
 3 ; Полтина. М - 0,66г ; 1777 ; "Для дворцового обихода" ; Au ; XF- ; 31 ; Сыч ; 28764 
 4 ; 3 рубля-20 злотых. М - 3,91г ; 1836 ; СПБ ПД Рус.-Пол. ; Au ; AU ; 69 ; Продано в зале ; 92000 
 5 ; 3 рубля. М - 10,26г ; 1829 ; СПБ ; Pt ; VF-XF ; 26 ; papinazu ; 59555 
 6 ; 3 рубля. М - 10,28г ; 1844 ; СПБ ; Pt ; XF ; 41 ; Продано в зале ; 96000 
 7 ; Рубль (Петров-6р) ; 1705 ;  ; Ag ; AU ; 82 ; int1965708 ; 660000 
 8 ; Рубль (Петров-10р) Следы лёгкой реставрации л/с ; 1707 ; Н ; Ag ; XF+ ; 37 ; Продано в зале ; 390000 
 9 ; Рубль (Петров-8р) ; 1712 ; G ; Ag ; XF ; 58 ; Продано в зале ; 550000 
 10 ; Рубль (Петров - 8 р.) ; 1712 ; G ; Ag ; VF+ ; 61 ; Продано в зале ; 145000 
 11 ; Рубль ; 1719 ; OK ; Ag ; XF ; 60 ; Продано в зале ; 70000 
 12 ; Рубль ; 1722 ;  ; Ag ; VF-XF ; 48 ; papinazu ; 80123 
 13 ; Рубль ; 1723 ; ОК ; Ag ; XF ; 26 ; sotnik ; 54681 
 14 ; Рубль ; 1725 ;  ; Ag ; VF-XF ; 45 ; гус4 ; 33200 
 15 ; Рубль ; 1726 ;  ; Ag ; VF-XF ; 51 ; Sky2 ; 52000 
 16 ; Рубль ; 1727 ; СПБ ; Ag ; VF+ ; 62 ; Продано в зале ; 42000 
 17 ; Рубль ; 1729 ;  ; Ag ; XF+ ; 50 ; lupus47 ; 45869 
 18 ; Рубль ; 1729 ;  ; Ag ; XF- ; 24 ; нумизмат ; 39372 
 19 ; Рубль ; 1733 ;  ; Ag ; XF ; 105 ; Продано в зале ; 44000 
 20 ; Рубль (Петров-10р) ; 1737 ;  ; Ag ; VF+ ; 78 ; finger ; 200000 
 21 ; Рубль ; 1737 ;  ; Ag ; XF ; 46 ; Продано в зале ; 34000 
 22 ; Рубль ; 1739 ;  ; Ag ; XF- ; 60 ; swoon ; 41000 
 23 ; Рубль ; 1753 ; ММД IП ; Ag ; XF ; 48 ; 462 ; 32640 
 24 ; Рубль ; 1757 ; СПБ IM BS ; Ag ; AU ; 101 ; Продано в зале ; 125000 
 25 ; Рубль ; 1762 ; СПБ НК ; Ag ; XF- ; 48 ; Продано в зале ; 90000 
 26 ; Рубль ; 1764 ; СПБ СА TI ; Ag ; AU ; 57 ; Продано в зале ; 48000 
 27 ; Рубль ; 1765 ; СПБ ЯI TI ; Ag ; XF+/AU ; 46 ; 462 ; 29706 
 28 ; Рубль ; 1770 ; СПБ ЯЧ TI ; Ag ; XF+ ; 44 ; Продано в зале ; 16000 
 29 ; Рубль ; 1772 ; СПБ АШ TI ; Ag ; AU ; 62 ; Продано в зале ; 48000 
 30 ; Рубль ; 1774 ; СПБ QЛ TИ ; Ag ; XF- ; 51 ; 462 ; 14466 
 31 ; Рубль ; 1786 ; СПБ ЯА TI ; Ag ; XF/AU ; 67 ; Продано в зале ; 60000 
 32 ; Рубль (Петров-12р, Ильин-8) ; 1796 ; БМ ; Ag ; XF+ ; 55 ; Продано в зале ; 900000 
 33 ; Рубль (Петров-4р, Ильин-4р) ; 1797 ; СМ ФЦ ; Ag ; XF- ; 57 ; Продано в зале ; 165000 
 34 ; Рубль (Петров-4р, Ильин-4р) ; 1797 ; СМ ФЦ ; Ag ; XF ; 70 ; Продано в зале ; 190000 
 35 ; Рубль ; 1802 ; СПБ АИ ; Ag ; VF-XF ; 96 ; paul196262 ; 31840 
 36 ; Рубль ; 1808 ; СПБ МК ; Ag ; AU ; 79 ; Продано в зале ; 105000 
 37 ; Рубль ; 1812 ; СПБ МФ ; Ag ; XF ; 52 ; Продано в зале ; 13000 
 38 ; Рубль ; 1814 ; СПБ ПС ; Ag ; XF+/AU ; 44 ; electra ; 18564 
 39 ; Рубль ; 1815 ; СПБ МФ ; Ag ; XF+ ; 71 ; нумизмат ; 18347 
 40 ; Рубль (Ильин-3 руб) ; 1816 ; СПБ ПС ; Ag ; XF+ ; 44 ; Продано в зале ; 32000 
 41 ; Рубль ; 1816 ; СПБ ПС ; Ag ; XF+ ; 45 ; Продано в зале ; 16000 
 42 ; Рубль. Орел А. Скипетр длиннее ; 1817 ; СПБ ПС ; Ag ; AU ; 47 ; Продано в зале ; 20000 
 43 ; Рубль. Орел А. Скипетр короче ; 1817 ; СПБ ПС ; Ag ; AU ; 69 ; Продано в зале ; 30000 
 44 ; Рубль ; 1818 ; СПБ ПС ; Ag ; AU ; 55 ; Продано в зале ; 38000 
 45 ; Рубль ; 1891 ; (АГ) ; Ag ; XF ; 52 ; finger ; 43441 
 46 ; Рубль (Аверс-реверс - 180 градусов. Петров - 10 р., Конрос - R3) ; 1896 ; ( * ) ; Ag ; XF+ ; 92 ; sotnik ; 150000 
 47 ; Рубль ; 1898 ; (АГ) ; Ag ; UNC полир ; 40 ; Продано в зале ; 150000 
 48 ; Рубль ; 1898 ; ( * ) ; Ag ; UNC полир ; 36 ; Продано в зале ; 300000 
 49 ; Рубль ; 1899 ; ( ** ) ; Ag ; UNC полир ; 32 ; Продано в зале ; 340000 
 50 ; Рубль ; 1901 ; (ФЗ) ; Ag ; UNC полир ; 41 ; Продано в зале ; 230000 
