 251 ; Жетон Русского нумизматического общества."Русские братьям Полякам" ; 1914 ;  ; Ag ; VF-XF ; 19 ; пмт79 ; 5667 
 252 ; Знак За призовую стрельбу. 6 рота финского полка. Клейма еа ушке ; 1912 ;  ; Ag ; VF-XF ; 11 ; sotnik ; 10200 
 253 ; Жетон аптекарских складов Е.И.В. Государыни Императрицы в Петрограде 1914-1915-1916 ;  ;  ; Br,эмаль ; VF+ ; 11 ; Салют ; 9180 
 254 ; 20 марок В капсуле NGC ; 1912 ; S Финляндия ; Au ;  ; 14 ; ravs ; 30804 
 255 ; 10 рублей. В капсуле NGC ; 1899 ; (АГ) АГ ; Au ;  ; 15 ; Сухона ; 21630 
 256 ; Полтина. Новгородский тип М-99,74г ;  ;  ; Ag ;  ; 25 ; Продано в зале ; 14000 
 257 ; Полтина. В мини капсуле ННР ; 1897 ; ( * ) ; Ag ;  ; 69 ; Продано в зале ; 6500 
 258 ; Полтина В капсуле NGC ; 1899 ; ( * ) ; Ag ;  ; 65 ; хаус ; 44000 
 259 ; 5 копеек В капсуле NGC ; 1868 ; СПБ HI ; Ag ;  ; 14 ; хаус ; 9190 
 260 ; 5 копеек В капсуле NGC ; 1873 ; СПБ HI ; Ag ;  ; 32 ; хаус ; 15918 
 261 ; 5 копеек В капсуле NGC ; 1879 ; СПБ НФ ; Ag ;  ; 24 ; Продано в зале ; 145000 
 262 ; 5 копеек  В капсуле NGC ; 1912 ; СПБ ЭБ ; Ag ;  ; 47 ; хаус ; 55217 
 263 ; 5 копеек. В капсуле ННР ; 1775 ; ЕМ ; Cu ;  ; 9 ; Продано в зале ; 1300 
 264 ; Копейка. Новодел. В капсуле PCGS ; 1757 ; Новодел ;  ;  ; 72 ; DAndy-2003 ; 40636 
 265 ; Рубль (Портрет - 1891г) ; 1892 ; (АГ) ; Ag ; XF-/XF+ ; 49 ; G.R.O.S.S. ; 28157 
 266 ; 15 копеек (Петров - 5 руб, Ильин - 4 руб) ; 1778 ; СПБ ; Ag ; XF+ ; 49 ; sotnik ; 18360 
 267 ; Медаль 1876 года. В память Выставки всеобщей финской промышленности в Гельсингфорсе (Хельсинки). Гельсингфорсский монетный двор. Медальер Л. Альборн. D-64мм ;  ;  ; Cu ; XF+ ; 47 ; Sky2 ; 6500 
 268 ; Медаль В память первой всероссийской выставки печатного дела. Санкт-Петербург 1895г. D-34мм ;  ;  ; Б/м ; VF-XF ; 59 ; Sky2 ; 2448 
 201 ; 25 пенни ; 1868 ; S Финляндия ; Ag ; XF- ; 40 ; TaraskaPeter ; 17000 
 202 ; 25 пенни ; 1868 ; S Финляндия ; Ag ; VF+ ; 85 ; tarroman ; 9264 
 203 ; 25 пенни ; 1873 ; S Финляндия ; Ag ; AU ; 41 ; Салют ; 10000 
 204 ; 25 пенни ; 1875 ; S Финляндия ; Ag ; AU ; 34 ; Продано в зале ; 13000 
 205 ; 10 пенни ; 1865 ; Финляндия ; Cu ; VF-XF ; 16 ; Салют ; 5100 
 206 ; 10 пенни ; 1867 ; Финляндия ; Cu ; VF-XF ; 28 ; Салют ; 7362 
 207 ; Бисти (Петров-2р. Ильин-1р) ; 1810 ; Грузия ; Cu ; VF ; 39 ; Салют ; 17850 
 208 ; 100 рублей ; 1991 ; ММД 500-лет.Русского един.гос. Лев Толстой ; Au ; Proof ; 21 ; Салют ; 38769 
 209 ; 50 рублей ; 1988 ; ММД Софийский собор в Новгороде ; Au ; Proof ; 19 ; mefodin ; 22222 
 210 ; 50 рублей ; 1991 ; ММД Исаакиевский собор в Санкт-Петербурге ; Au ; Proof ; 13 ; Салют ; 20711 
 211 ; 50 рублей ; 2005 ; ММД 60 лет победы в ВОВ ; Au ; Proof ; 13 ; Салют ; 19732 
 212 ; 50 рублей ; 2006 ; ММД XX зимние олимпийские игры в Турине, Италия ; Au ; Proof ; 12 ; Devera ; 28127 
 213 ; Один червонец ; 1980 ; ММД ; Au ; Proof ; 37 ; Салют ; 36758 
 214 ; Один полтинник. Гладкий гурт ; 1925 ; Гурт гладкий ; Ag ; VF-XF ; 94 ; Продано в зале ; 38000 
 215 ; 50 копеек. Упаковка ; 1970 ;  ; Cu-Ni ; UNC/AU ; 44 ; Продано в зале ; 8500 
 216 ; 20 копеек. Упаковка ; 1970 ;  ; Cu-Ni ; UNC/AU ; 35 ; Московский ; 8333 
 217 ; 15 копеек. Упаковка ; 1970 ;  ; Cu-Ni ; UNC/AU ; 93 ; спарта ; 20551 
 218 ; Набор монет СССР: 1 рубль (5шт) староделы. В пластикой упаковке ; 1965-1975 ;  ; Cu-Ni ; Proof ; 28 ; Продано в зале ; 62000 
 219 ; Набор монет СССР: 1 рубль (7шт) староделы. В пластикой упаковке ; 1981-1986 ;  ; Cu-Ni ; Proof ; 5 ; Салют ; 10200 
 220 ; Набор монет СССР: 1 рубль (5шт) староделы. В пластикой упаковке ; 1983-1986 ;  ; Cu-Ni ; Proof ; 15 ; Салют ; 8670 
 221 ; Набор монет СССР: 1 рубль (6шт) староделы. В пластикой упаковке ; 1967-1985 ;  ; Cu-Ni ; Proof ; 37 ; Салют ; 38000 
 222 ; Набор монет СССР: 1 рубль (6шт) староделы. В пластикой упаковке ; 1981-1984 ;  ; Cu-Ni ; Proof ; 7 ; Салют ; 7548 
 223 ; Знак ордена Св. Станислава II ст. с мечами Выдача из капитула. Завод "Эдуард" ; 1916 ;  ; Br, поз,эмаль ; XF-/VF-XF ; 16 ; рап ; 32640 
 224 ; Знак ордена Св. Станислава III ст. с мечами Выдача из капитула. Мастерская "Дмитрия Осипова" ; до 1916 ;  ; Br, поз,эмаль ; XF- ; 11 ; рап ; 29580 
 225 ; Знак ордена Св. Анны III ст. с мечами. Выдача из капитула. Мастерская Дмитрия Осипова ; 1916 ;  ; Br, поз,эмаль ; XF- ; 13 ; рап ; 38000 
 226 ; Знак Ордена. Выдача из капитула. Мастерская Дмитрия Осипова ; 1916 ; Владимира IV ст. ; Br, поз,эмаль ; XF ; 29 ; рап ; 46000 
 227 ; Георгиевская медаль IV степени № 1157230 D-28мм ;  ;  ; Ag ; VF-XF ; 34 ; обморок ; 6950 
 228 ; Медаль За усердия. Николай II. D-28мм ;  ;  ; Ag ; AU ; 26 ; dkv ; 6936 
 229 ; Жетон Борцам за родину и свободу ; 1917 ;  ; Cu-Ni ; XF ; 16 ; Moryak ; 7321 
 230 ; Должностной знак. Cолтыс 19 февраля 1864г. Плоцкая губерния ;  ;  ; Br ; VF+ ; 17 ; рап ; 11334 
 231 ; Должностной знак. Лавник 19 февраля 1861г- 19 февраля 1875г. Мастерская братьев Бух ;  ;  ; Br ; VF+ ; 17 ; рап ; 12240 
 232 ; Нагрудный знак об окончании Института инженеров путей сообщения ;  ;  ; Ag ; VF-XF ; 29 ; рап ; 20195 
 233 ; Знак для врачей, имеющих степень лекаря. Клейма на о/с ;  ;  ; Ag,эмаль ; XF ; 22 ; korovan67 ; 20400 
 234 ; Медаль Достойнейшим из окончивших курсы в женских гимназиях. Императрицы Марии Федоровны. D-44мм. М-54,1г ;  ;  ; Au ; VF-XF ; 30 ; Салют ; 209202 
 235 ; Медаль За отличное окончание института. Военный институт физкультуры и спорта им В.И.Ленина. D-26мм. М-10,855г. Коробка ;  ;  ; Au ; XF+ ; 48 ; Продано в зале ; 155000 
 236 ; Медаль в память коронования Императора Александра I 15 сентября 1801 г. СПб монетный двор.  Медальер  С. Леберехт. Реставрация D-65мм ; 1801 ;  ; Ag ; XF- ; 51 ; sotnik ; 52019 
 237 ; Медаль. Вторая Всероссийская Кустарная выставка "За полезные труды". Императрица Александра Федоровна D-63мм ;  ;  ; Ag ; VF+/VF- ; 16 ; кантемир ; 6630 
 238 ; Медаль "За благонравие и успехи в науках" для учениц женских гимназий. D-42мм. Гравер А.Гилихес ;  ;  ; Ag ; XF+ ; 22 ; тойта ; 19633 
 239 ; Медаль "Преуспевающей" Выпускницам женских гимназий, посвященная 300-летию царствования Дома Романовых. ; 1913 ;  ; Ag ; XF- ; 34 ; Салют ; 25758 
 240 ; Медаль Русского нумизматического общества. "Бельгийскому народу" ; 1914 ;  ; Ag ; VF-XF ; 10 ; Салют ; 7140 
 241 ; Медаль Выставка собак. Санкт-Петербург 1904г. D-44мм ;  ;  ; Ag ; XF+ ; 27 ; Sky2 ; 3400 
 242 ; Медаль Гагарин 12 апреля 1961. Медальер Г.Н. Постников. D-40мм. М-32г ; ММД ;  ; Ag ; XF+ ; 8 ; Продано в зале ; 7500 
 243 ; Медаль В память столетия Императорского Московского Воспитательного дома. Медальеры: В.В.Алексеев, И.И.Чукмасов ; 1963 ;  ; Cu ; XF+/XF ; 41 ; Салют ; 14790 
 244 ; Медаль памятная на кончину Императора Александра II. Резчики: В.Алексеев, реверс - Грелихес сын по проекту В.П.Верещагина D-77мм ;  ;  ; Cu ; XF+ ; 33 ; Салют ; 24907 
 245 ; Медаль. В память 100-летия со дня рождения Императора Александра I (1777-1877) D-62мм ;  ;  ; Cu ; XF+ ; 15 ; Салют ; 11220 
 246 ; Медаль в память открытия памятника Императору Александру II в Гельсингфорсе. Медальер А.А.Грилихес (сын). D-68мм ; 1894 ;  ; Cu ; XF+ ; 9 ; Салют ; 5100 
 247 ; Медаль 10-я сельскохозяйственная выставка в Вазе. Медальеры А. Грилихес-отец, А. Грилихес-сын. D-52мм ; 1894 ;  ; Cu ; AU ; 23 ; Салют ; 7650 
 248 ; Медаль В память 50-леития Московского Купеческого общества (1863-1913гг). D-80мм ;  ;  ; Cu ; XF+ ; 21 ; Салют ; 15300 
 249 ; Жетон За Севастополь 1854-55. 14 пех. Олонецкий полк 1798-1898 ;  ;  ; Ag ; VF-XF ; 67 ; обморок ; 13260 
 250 ; Жетон Русского нумизматического общества. "Бельгийскому народу" ; 1914 ;  ; Ag ; XF- ; 20 ; 222211 ; 4150 
 151 ; 10 копеек ; 1781 ; КМ "Сибирь" ; Cu ; VF-XF ; 26 ; Кеннер ; 13000 
 152 ; 10 копеек ; 1833 ; ЕМ ФХ ; Cu ; XF+ ; 11 ; Продано в зале ; 46000 
 153 ; 5 копеек ; 1727 ; КД КОПЪЕКЬ ; Cu ; VG ; 37 ; Сухона ; 13839 
 154 ; 5 копеек ; 1784 ; КМ ; Cu ; VF-XF ; 13 ; Продано в зале ; 1900 
 155 ; 5 копеек ; 1785 ; КМ ; Cu ; VF-XF ; 13 ; yrij ; 3264 
 156 ; 5 копеек ; 1786 ; КМ ; Cu ; VF-XF ; 13 ; $$$ ; 3191 
 157 ; 5 копеек ; 1787 ; КМ ; Cu ; VF-XF ; 9 ; $$$ ; 3200 
 158 ; 5 копеек (Петров-9р. Ильин-10р) ; 1787 ; ТМ ; Cu ; F-VF ; 45 ; Салют ; 18982 
 159 ; 5 копеек ; 1790 ; ЕМ ; Cu ; XF- ; 22 ; ВОДКОЙ НАДО ; 6120 
 160 ; 5 копеек ; 1790 ; АМ ; Cu ; VF-XF ; 13 ; Салют ; 2920 
 161 ; 5 копеек ; 1792 ; КМ ; Cu ; VF-XF ; 20 ; electra ; 2601 
 162 ; 5 копеек ; 1793 ; КМ ; Cu ; VF-XF ; 18 ; $$$ ; 3060 
 163 ; 5 копеек ; 1795 ; АМ ; Cu ; VF-XF ; 17 ; Салют ; 4080 
 164 ; 5 копеек ; 1795 ; КМ ; Cu ; VF-XF ; 28 ; $$$ ; 5000 
 165 ; 5 копеек ; 1803 ; ЕМ ; Cu ; XF- ; 29 ; Продано в зале ; 9500 
 166 ; 5 копеек ; 1809 ; ЕМ ; Cu ; XF ; 78 ; Продано в зале ; 26000 
 167 ; 5 копеек ; 1852 ; ЕМ ; Cu ; VF-XF ; 17 ; нумизмат ; 11437 
 168 ; 5 копеек ; 1857 ; ЕМ ; Cu ; XF- ; 22 ; ravs ; 10427 
 169 ; 5 копеек ; 1858 ; ЕМ ; Cu ; VF-XF ; 15 ; Салют ; 7650 
 170 ; 5 копеек ; 1865 ; ЕМ ; Cu ; XF ; 30 ; Салют ; 12819 
 171 ; 4 копейки ; 1762 ;  ; Cu ; VF- ; 23 ; Салют ; 19724 
 172 ; 3 копейки ; 1847 ; СМ ; Cu ; VF ; 63 ; обморок ; 11288 
 173 ; 3 копейки ; 1900 ; СПБ ; Cu ; AU ; 58 ; Продано в зале ; 26000 
 174 ; 3 копейки ; 1856 ; ЕМ ; Cu ; VF-XF ; 9 ; Продано в зале ; 6500 
 175 ; 3 копейки (Петров-5р. Ильин-5р) ; 1857 ; ВМ ; Cu ; VF- ; 9 ; Салют ; 15300 
 176 ; 2 копейки. Новодел ; 1757 ; Новодел ; Cu ; AU ; 54 ; Продано в зале ; 36000 
 177 ; 2 копейки ; 1838 ; ЕМ НА ; Cu ; VF+ ; 73 ; 89890 ; 9707 
 178 ; Копейка. Большой формат ; 1707 ; БК ; Cu ; VF- ; 35 ; Продано в зале ; 24000 
 179 ; Копейка (Петров-20р. Ильин-8р) ; 1724 ;  ; Cu ; F-VF ; 64 ; Салют ; 54000 
 180 ; Копейка (Петров -1 р.) ; 1755 ; СПБ ; Cu ; VF+ ; 26 ; Салют ; 27000 
 181 ; Копейка (Петров-1р) ; 1755 ; СПБ ; Cu ; F-VF ; 15 ; Продано в зале ; 9000 
 182 ; Копейка ; 1811 ; ИМ МК ; Cu ; VF+ ; 51 ; sotnik ; 2778 
 183 ; Копейка ; 1833 ; ЕМ ФХ ; Cu ; XF- ; 43 ; slando ; 6926 
 184 ; Копейка ; 1834 ; СМ ; Cu ; VF+ ; 23 ; Продано в зале ; 3200 
 185 ; Копейка (Петров-12р, Ильин-10р) ; 1838 ; ЕМ НА ; Cu ; VG ; 41 ; Kupferberg ; 15302 
 186 ; Копейка (Петров-12р, Ильин-5р) ; 1839 ; СМ ; Cu ; F-VF ; 79 ; Продано в зале ; 9500 
 187 ; Копейка. Новодел ; 1840 ; С.П.Б. Пробная. СЕРЕБРОМЪ ; Cu ; AU ; 48 ; Продано в зале ; 48000 
 188 ; Копейка ; 1852 ; ЕМ ; Cu ; VF-XF ; 23 ; 89890 ; 3381 
 189 ; Копейка ; 1857 ; ЕМ ; Cu ; XF ; 21 ; Салют ; 3321 
 190 ; Копейка ; 1861 ; ВМ ; Cu ; XF- ; 30 ; нумизмат ; 10200 
 191 ; Копейка ; 1868 ; СПБ ; Cu ; XF+ ; 14 ; 89890 ; 9180 
 192 ; Деньга (Петров-2,5р. Ильин-3р) ; 1804 ; КМ ; Cu ; VF- ; 60 ; Салют ; 28560 
 193 ; Деньга ; 1812 ; ИМ ПС ; Cu ; XF ; 73 ; Продано в зале ; 10500 
 194 ; Денежка ; 1861 ; ВМ ; Cu ; XF ; 19 ; Салют ; 9182 
 195 ; Полушка (Петров - 10 руб, Ильин - 10 руб) ; 1719 ;  ; Cu ; F-VF ; 58 ; Продано в зале ; 7500 
 196 ; Полушка ; 1734 ; Орёл 1730 г. ; Cu ; VF-XF ; 94 ; ВОДКОЙ НАДО ; 11000 
 197 ; Полушка ; 1855 ; ВМ ; Cu ; VF-XF ; 38 ; Салют ; 23905 
 198 ; 24 копейки ; 1757 ; Ливонез ; Ag ; VF ; 23 ; $$$ ; 16563 
 199 ; 2 марки ; 1870 ; S Финляндия ; Ag ; AU ; 28 ; ravs ; 10710 
 200 ; 1 марка ; 1864 ; S Финляндия ; Ag ; XF ; 20 ; Медальки ; 14280 
 101 ; 20 копеек ; 1764 ; ММД ; Ag ; XF+ ; 17 ; Продано в зале ; 16000 
 102 ; 20 копеек ; 1764 ; ММД ; Ag ; XF+ ; 65 ; Продано в зале ; 16000 
 103 ; 20 копеек ; 1766 ; СПБ TI ; Ag ; XF- ; 33 ; sotnik ; 9183 
 104 ; 20 копеек ; 1767 ; ММД ; Ag ; XF- ; 33 ; нумизмат ; 12648 
 105 ; 20 копеек ; 1767 ; СПБ TI ; Ag ; XF ; 15 ; кантемир ; 10209 
 106 ; 20 копеек ; 1769 ; СПБ TI ; Ag ; XF+/AU ; 21 ; нумизмат ; 16000 
 107 ; 20 копеек ; 1769 ; СПБ TI ; Ag ; XF+ ; 77 ; Продано в зале ; 16000 
 108 ; 20 копеек ; 1772 ; СПБ TI ; Ag ; XF- ; 19 ; бенвенуто ; 8000 
 109 ; 20 копеек ; 1776 ; СПБ TI ; Ag ; XF+ ; 7 ; кантемир ; 10455 
 110 ; 20 копеек ; 1779 ; СПБ ; Ag ; XF- ; 15 ; Продано в зале ; 16000 
 111 ; 20 копеек ; 1785 ; СПБ ; Ag ; XF ; 11 ; Салют ; 13362 
 112 ; 20 копеек ; 1787 ; СПБ ; Ag ; XF ; 17 ; нумизмат ; 11229 
 113 ; 20 копеек ; 1863 ; СПБ АБ ; Ag ; AU ; 32 ; нумизмат ; 4080 
 114 ; 20 копеек ; 1865 ; СПБ НФ ; Ag ; AU ; 27 ; Салют ; 3774 
 115 ; 20 копеек ; 1876 ; СПБ HI ; Ag ; AU ; 14 ; Продано в зале ; 2800 
 116 ; 20 копеек ; 1879 ; СПБ НФ ; Ag ; AU ; 15 ; papinazu ; 5000 
 117 ; 20 копеек ; 1883 ; СПБ ДС ; Ag ; AU ; 11 ; cotangens ; 5202 
 118 ; 15 копеек ; 1771 ; ММД ; Ag ; XF- ; 16 ; Продано в зале ; 10500 
 119 ; 15 копеек ; 1771 ; ММД ; Ag ; VF-XF ; 19 ; кантемир ; 5500 
 120 ; 15 копеек ; 1783 ; СПБ ; Ag ; XF+ ; 17 ; Продано в зале ; 10500 
 121 ; 15 копеек ; 1784 ; СПБ ; Ag ; XF+/AU ; 13 ; Продано в зале ; 13000 
 122 ; 15 копеек ; 1785 ; СПБ ; Ag ; XF+ ; 25 ; кантемир ; 10000 
 123 ; 15 копеек-1 злотый ; 1840 ; НГ Рус.-Пол. ; Ag ; XF ; 3 ; Продано в зале ; 3500 
 124 ; 15 копеек ; 1860 ; СПБ ФБ ; Ag ; XF+ ; 33 ; 222211 ; 9180 
 125 ; 15 копеек ; 1917 ; ВС ; Ag ; AU ; 21 ; хаус ; 7276 
 126 ; Гривенник ; 1756 ; МБ ; Ag ; XF ; 31 ; Продано в зале ; 9500 
 127 ; Гривенник ; 1772 ; СПБ TI ; Ag ; XF- ; 17 ; sotnik ; 5100 
 128 ; Гривенник ; 1775 ; СПБ TI ; Ag ; VF ; 24 ; Салют ; 11832 
 129 ; Гривенник ; 1778 ; СПБ ; Ag ; XF+ ; 7 ; TaraskaPeter ; 6120 
 130 ; 10 копеек ; 1802 ; СПБ АИ ; Ag ; VF- ; 18 ; кантемир ; 15867 
 131 ; 10 копеек ; 1821 ; СПБ ПД ; Ag ; XF+ ; 24 ; 25 ; 4647 
 132 ; 10 копеек (Петров-5р) ; 1832 ; СПБ НГ ; Ag ; XF ; 9 ; Olimpia ; 25500 
 133 ; 10 копеек ; 1917 ; ВС ; Ag ; AU ; 19 ; хаус ; 5361 
 134 ; 5 копеек ; 1798 ; СМ МБ ; Ag ; VF+ ; 21 ; Салют ; 10062 
 135 ; 5 копеек (Петров-3р. Ильин-4р) ; 1817 ; СПБ ПС ; Ag ; XF ; 30 ; Продано в зале ; 36000 
 136 ; 5 копеек ; 1823 ; СПБ ПД ; Ag ; XF+ ; 3 ; хаус ; 15000 
 137 ; 5 копеек ; 1826 ; СПБ НГ ; Ag ; XF- ; 32 ; Салют ; 7140 
 138 ; 5 копеек ; 1827 ; СПБ НГ ; Ag ; XF- ; 23 ; Салют ; 7752 
 139 ; 5 копеек ; 1829 ; СПБ НГ ; Ag ; XF+ ; 34 ; Салют ; 20400 
 140 ; 5 копеек ; 1850 ; СПБ ПА ; Ag ; XF+ ; 40 ; хаус ; 25500 
 141 ; 5 копеек ; 1850 ; СПБ ПА ; Ag ; AU ; 27 ; Продано в зале ; 7500 
 142 ; 5 копеек ; 1856 ; СПБ ФБ ; Ag ; AU ; 19 ; Продано в зале ; 10000 
 143 ; 5 копеек ; 1859 ; СПБ ФБ ; Ag ; XF ; 13 ; Продано в зале ; 13000 
 144 ; 5 копеек ; 1883 ; СПБ ДС ; Ag ; XF+ ; 13 ; Салют ; 6426 
 145 ; 10 копеек ; 1773 ; КМ "Сибирь" ; Cu ; VF+ ; 19 ; Продано в зале ; 8000 
 146 ; 10 копеек ; 1774 ; КМ "Сибирь" ; Cu ; VF-XF ; 26 ; Продано в зале ; 12500 
 147 ; 10 копеек ; 1777 ; КМ "Сибирь" ; Cu ; VF-XF ; 27 ; Кеннер ; 11000 
 148 ; 10 копеек ; 1778 ; КМ "Сибирь" ; Cu ; VF-XF ; 15 ; $$$ ; 10082 
 149 ; 10 копеек ; 1779 ; КМ "Сибирь" ; Cu ; VF-XF ; 31 ; Кеннер ; 10199 
 150 ; 10 копеек ; 1780 ; КМ "Сибирь" ; Cu ; VF-XF ; 36 ; slando ; 11220 
 51 ; Рубль (Петров - 8 руб, Ильин - 4 руб) ; 1818 ; СПБ СП ; Ag ; XF/VF-XF ; 52 ; Продано в зале ; 65000 
 52 ; Рубль ; 1819 ; СПБ ПС ; Ag ; AU ; 37 ; Продано в зале ; 20000 
 53 ; Рубль ; 1831 ; СПБ НГ ; Ag ; XF ; 24 ; Салют ; 24378 
 54 ; Рубль ; 1832 ; СПБ НГ ; Ag ; XF+/XF ; 61 ; нумизмат ; 26000 
 55 ; Рубль ; 1834 ; "На открытие Александровской колонны" ; Ag ; XF ; 51 ; Продано в зале ; 76000 
 56 ; Рубль. Св. Георгий без плаща ; 1835 ; СПБ НГ ; Ag ; XF ; 34 ; Продано в зале ; 39000 
 57 ; Рубль (Ильин - 4 руб) ; 1837 ; СПБ НГ ; Ag ; XF- ; 24 ; sergius ; 10225 
 58 ; Рубль (Ильин-5р) "Золотинка" ; 1842 ; СПБ АЧ ; Ag ; VF-XF ; 48 ; нумизмат ; 20400 
 59 ; Рубль (Петров - 5 руб) ; 1844 ; MW ; Ag ; XF ; 46 ; sotnik ; 21273 
 60 ; Рубль ; 1844 ; MW ; Ag ; XF- ; 16 ; Салют ; 12699 
 61 ; Рубль ; 1845 ; СПБ КБ ; Ag ; XF+ ; 25 ; Продано в зале ; 13000 
 62 ; Рубль ; 1846 ; MW ; Ag ; XF+ ; 71 ; волька76 ; 17113 
 63 ; Рубль ; 1859 ; На открытие памятника Николаю I ; Ag ; XF+ ; 28 ; кантемир ; 60000 
 64 ; Рубль ; 1867 ; СПБ HI ; Ag ; XF ; 49 ; Продано в зале ; 30000 
 65 ; Рубль ; 1878 ; СПБ НФ ; Ag ; AU ; 34 ; 462 ; 14053 
 66 ; Рубль ; 1883 ; ЛШ На коронацию Александра III ; Ag ; AU ; 30 ; Продано в зале ; 26000 
 67 ; Рубль ; 1886 ; (АГ) ; Ag ; XF ; 44 ; ravs ; 41027 
 68 ; Рубль ; 1891 ; (АГ) ; Ag ; AU ; 46 ; Продано в зале ; 82000 
 69 ; Рубль. (Без гаст) ; 1897 ; ( ** ) ; Ag ; XF ; 52 ; Vitalik1 ; 15156 
 70 ; Рубль ; 1898 ; (АГ) ; Ag ; AU ; 66 ; Продано в зале ; 42000 
 71 ; Рубль ; 1913 ; АГ На 300-летие Дома Романовых ; Ag ; AU ; 53 ; амбал ; 11424 
 72 ; Рубль ; 1915 ; (ВС) ; Ag ; XF+ ; 18 ; sotnik ; 30600 
 73 ; Полтина ; 1719 ;  ; Ag ; VF+ ; 39 ; кантемир ; 26520 
 74 ; Полтина ; 1720 ;  ; Ag ; VF-XF ; 31 ; кантемир ; 62220 
 75 ; Полтина ; 1721 ;  ; Ag ; XF ; 29 ; Продано в зале ; 42000 
 76 ; Полтина ; 1721 ;  ; Ag ; VF-XF ; 44 ; кантемир ; 46000 
 77 ; Полтина ; 1723 ;  ; Ag ; VF+ ; 25 ; Салют ; 44164 
 78 ; Полтина ; 1726 ; СПБ ; Ag ; VF+ ; 41 ; кантемир ; 60000 
 79 ; Полтина (Петров - 4 р.) ; 1743 ; ММД ; Ag ; VF+ ; 51 ; СВИ ; 20577 
 80 ; Полтина (Петров - 3 руб) ; 1744 ; ММД ; Ag ; VF-XF ; 44 ; yrij ; 27666 
 81 ; Полтина ; 1763 ; СПБ ЯI ; Ag ; XF- ; 20 ; Продано в зале ; 36000 
 82 ; Полтина ; 1800 ; СМ ОМ ; Ag ; VF ; 36 ; СВИ ; 26520 
 83 ; Полтина (Петров - 3 р.) ; 1863 ; СПБ АБ ; Ag ; XF- ; 29 ; тойта ; 35700 
 84 ; Полтина ; 1895 ; (АГ) АГ ; Ag ; XF+ ; 52 ; zuza ; 15001 
 85 ; Полтина ; 1897 ; ( * ) ; Ag ; XF+ ; 7 ; тойта ; 8670 
 86 ; Полтина ; 1897 ; ( * ) ; Ag ; XF+ ; 49 ; Салют ; 14847 
 87 ; Полтина ; 1901 ; (АР) АГ ; Ag ; VF-XF ; 53 ; Продано в зале ; 19000 
 88 ; Полтина ; 1906 ; (ЭБ) АГ ; Ag ; AU ; 27 ; Продано в зале ; 170000 
 89 ; Полуполтинник ; 1752 ; ММД Е ; Ag ; XF- ; 43 ; кантемир ; 13263 
 90 ; Полуполтинник ; 1755 ; ММД МБ ; Ag ; XF- ; 16 ; Продано в зале ; 16000 
 91 ; Полуполтинник ; 1756 ; ММД МБ ; Ag ; XF/VF-XF ; 11 ; Продано в зале ; 18000 
 92 ; Полуполтинник ; 1765 ; ММД ЕI ТI ; Ag ; VF-XF ; 5 ; кантемир ; 4650 
 93 ; Полуполтинник ; 1767 ; ММД ЕI ; Ag ; XF- ; 17 ; Продано в зале ; 13000 
 94 ; Полуполтинник ; 1768 ; ММД ЕI ; Ag ; VF+/VF-XF ; 13 ; Sky2 ; 10004 
 95 ; Полуполтинник ; 1799 ; СМ ФЦ ; Ag ; VF+ ; 49 ; Салют ; 38644 
 96 ; 25 копеек ; 1830 ; СПБ НГ ; Ag ; AU/XF+ ; 61 ; Салют ; 29189 
 97 ; 25 копеек ; 1844 ; СПБ КБ ; Ag ; VF+ ; 17 ; 16 ; 17806 
 98 ; 25 копеек ; 1878 ; СПБ НФ ; Ag ; AU ; 17 ; Продано в зале ; 7000 
 99 ; 25 копеек ; 1878 ; СПБ НФ ; Ag ; AU ; 26 ; Продано в зале ; 6500 
 100 ; 25 копеек ; 1880 ; СПБ НФ ; Ag ; AU ; 19 ; Продано в зале ; 13000 
 1 ; 15 рублей. М-12,86 г ; 1897 ; (АГ) За обрез шеи заходит "ОСС" ; Au ; XF+ ; 28 ; кантемир ; 36811 
 2 ; 7руб.50 коп. М-6,41 г ; 1897 ; (АГ) ; Au ; XF ; 25 ; кантемир ; 33000 
 3 ; 7руб.50 коп. М-6,42 г ; 1897 ; (АГ) ; Au ; XF- ; 33 ; 111111 ; 33055 
 4 ; 7руб.50 коп. М- 6,42 г ; 1897 ; (АГ) ; Au ; XF- ; 22 ; кантемир ; 33000 
 5 ; 7руб.50 коп. М- 6,42 г ; 1897 ; (АГ) ; Au ; XF ; 22 ; кантемир ; 33000 
 6 ; 5 рублей. М-6,48г ; 1831 ; СПБ ПД ; Au ; VF-XF ; 28 ; Продано в зале ; 62000 
 7 ; 5 рублей. М-6,42 г ; 1840 ; СПБ АЧ ; Au ; XF+ ; 26 ; хаус ; 50999 
 8 ; 5 рублей. М-6,42г ; 1889 ; (АГ) Борода короче ; Au ; XF ; 42 ; Victory-2001 ; 35700 
 9 ; Рубль. М-1,6г ; 1756 ;  ; Au ; XF ; 38 ; rogogor ; 46000 
 10 ; Рубль. М-1,58г ; 1756 ;  ; Au ; XF- ; 49 ; нумизмат ; 56100 
 11 ; Рубль. М-1,2г. Деформация ; 1779 ; "Для дворцового обихода" ; Au ; VF-XF ; 30 ; нумизмат ; 29478 
 12 ; Полтина. М-0,6г ; 1777 ; "Для дворцового обихода" ; Au ; XF- ; 22 ; masterovoi ; 29466 
 13 ; Дукат. Петербургской чеканки (Признаки по В.В.Узденикову-все дукаты петербургской чеканки). М-3,48г ; 1838 ;  ; Au ; AU ; 44 ; zuza ; 31061 
 14 ; Дукат. Петербургской чеканки (Признаки по В.В.Узденикову-№ 4 и 7). М-3,47г ; 1849 ;  ; Au ; AU ; 26 ; тойта ; 29715 
 15 ; 10 марок. М-3,21г ; 1904 ; L Финляндия ; Au ; AU ; 40 ; нумизмат ; 45900 
 16 ; Рубль (Петров-5р) ; 1719 ; OK ; Ag ; XF- ; 17 ; Продано в зале ; 54000 
 17 ; Рубль (Петров-6р) ; 1719 ; ILL OK ; Ag ; VF-XF ; 20 ; dkv ; 54000 
 18 ; Рубль ; 1720 ;  ; Ag ; XF- ; 50 ; dkv ; 66000 
 19 ; Рубль ; 1723 ; ОК ; Ag ; XF-/VF-XF ; 39 ; снг ; 79591 
 20 ; Рубль. ; 1723 ; ОК ; Ag ; VF-XF ; 45 ; рап ; 52000 
 21 ; Рубль (Ильин-5р) ; 1725 ; СПБ ; Ag ; VF-XF/XF- ; 35 ; dkv ; 51958 
 22 ; Рубль ; 1727 ;  ; Ag ; VF-XF ; 27 ; Продано в зале ; 58000 
 23 ; Рубль ; 1727 ; СПБ ; Ag ; XF- ; 28 ; бенвенуто ; 102000 
 24 ; Рубль ; 1727 ;  ; Ag ; VF-XF ; 54 ; Karhu ; 48711 
 25 ; Рубль ; 1728 ;  ; Ag ; XF- ; 29 ; Продано в зале ; 29000 
 26 ; Рубль ; 1728 ;  ; Ag ; VF+/VF-XF ; 61 ; Sky2 ; 28333 
 27 ; Рубль ; 1732 ;  ; Ag ; XF-/XF+ ; 17 ; БАТЫР ; 17852 
 28 ; Рубль. Ремонт ; 1733 ;  ; Ag ; VF+ ; 27 ; Moryak ; 17000 
 29 ; Рубль ; 1738 ;  ; Ag ; XF ; 49 ; чип ; 37307 
 30 ; Рубль ; 1738 ; СПБ ; Ag ; VF-XF ; 32 ; dkv ; 26562 
 31 ; Рубль ; 1743 ; ММД ; Ag ; XF- ; 19 ; бенвенуто ; 28000 
 32 ; Рубль ; 1753 ; СПБ ЯI ; Ag ; AU ; 31 ; Продано в зале ; 50000 
 33 ; Рубль ( Петров-5 руб.) ; 1757 ; СПБ ЯI BS ; Ag ; VF-XF ; 46 ; тойта ; 68979 
 34 ; Рубль ( Петров-6 руб.) ; 1761 ; СПБ НК TI ; Ag ; VF+ ; 51 ; тойта ; 64000 
 35 ; Рубль ; 1762 ; ММД ДМ ; Ag ; VF-XF ; 38 ; тойта ; 68979 
 36 ; Рубль ; 1762 ; ММД ДМ TI ; Ag ; XF ; 58 ; Продано в зале ; 52000 
 37 ; Рубль ; 1763 ; СПБ ЯI TI ; Ag ; XF+ ; 18 ; Продано в зале ; 26000 
 38 ; Рубль ; 1764 ; СПБ ЯI TI ; Ag ; AU ; 17 ; Продано в зале ; 40000 
 39 ; Рубль ; 1764 ; СПБ ЯI TI ; Ag ; XF+ ; 18 ; Продано в зале ; 22000 
 40 ; Рубль ; 1765 ; СПБ ЯI TI ; Ag ; XF ; 23 ; dkv ; 25200 
 41 ; Рубль (Петров-3р) ; 1767 ; ММД EI ; Ag ; XF- ; 48 ; Продано в зале ; 56000 
 42 ; Рубль ; 1767 ; СПБ АШ TI ; Ag ; XF ; 25 ; Moryak ; 23007 
 43 ; Рубль ; 1775 ; СПБ QЛ TИ ; Ag ; XF+/AU ; 29 ; Продано в зале ; 27000 
 44 ; Рубль ; 1776 ; СПБ ЯЧ TИ ; Ag ; XF-/XF+ ; 13 ; Продано в зале ; 27500 
 45 ; Рубль ; 1807 ; СПБ ФГ ; Ag ; XF-/VF-XF ; 59 ; Продано в зале ; 44000 
 46 ; Рубль ; 1812 ; СПБ МФ ; Ag ; XF- ; 15 ; Moryak ; 8274 
 47 ; Рубль ; 1814 ; СПБ МФ ; Ag ; XF- ; 7 ; sotnik ; 12240 
 48 ; Рубль ; 1817 ; СПБ ПС ; Ag ; XF+ ; 7 ; кантемир ; 12000 
 49 ; Рубль ; 1817 ; СПБ ПС ; Ag ; XF ; 13 ; нумизмат ; 19000 
 50 ; Рубль ; 1818 ; СПБ ПС ; Ag ; AU ; 24 ; Продано в зале ; 19000 
