 151 ; 50 рублей. Коробка, сертификат ; 1995 ; ЛМД Экспедиция Ф.Нансена ; Au ; Proof ; 27 ; Продано в зале ; 25000 
 152 ; Плата. 1 далер. Швеция. Размер: 130х125 мм ; 1752 ;  ; Cu ; VF- ; 40 ; золант ; 15500 
 153 ; Георгиевский крест IV степени №573064 ;  ;  ; Ag ; XF ; 41 ; Продано в зале ; 11000 
 154 ; Георгиевский крест IV степени №223049 ;  ;  ; Б/м ; XF ; 20 ; Продано в зале ; 14000 
 155 ; Нагрудный знак выпускника Московского Коммерческого училища ;  ;  ; Br, позол ; XF ; 26 ; Sky2 ; 15500 
 156 ; Нагрудный знак об окончании Института инженеров путей сообщения ;  ;  ; Ag ; VF-XF ; 26 ; masterovoi ; 15500 
 157 ; Жетон На коронацию Александа II. D-22мм ; 1856 ;  ; Ag ; VF+ ; 36 ; iustas ; 4909 
 158 ; Медаль Медаль За благонравие и успехи в науках. Мария Александровна. Медальер В.В. Никон. D-51мм ;  ;  ; Ag ; XF ; 46 ; Inflation ; 29000 
 159 ; Медаль Балтийского общества любителей породистых собак. D-41мм ;  ;  ; Ag,позолота ; VF+ ; 35 ; Продано в зале ; 14000 
 160 ; Медаль. В память сооружения Благовещенского моста через Неву.Медальеры А.Клепиков, А Лялин. D-76mm. 1850 ;  ;  ; Br ; VF-XF ; 14 ; Продано в зале ; 12000 
 161 ; Медаль. В память открытия в Новгороде памятника Тысячелетию государства Российского. Медальер П. Брусницын. D-87mm. 1862 ;  ;  ; Br ; XF- ; 32 ; Продано в зале ; 20000 
 162 ; Медаль. В память открытия памятника, отлитого из турецких орудий, в Санкт-Петербурге. D-72mm. 1886 ;  ;  ; Br ; XF ; 82 ; verunk1 ; 16832 
 163 ; Медаль. В память освящения Смольного собора в Санкт-Петербурге. Медальер Г.Губе.  1835 ;  ;  ; Br ; XF ; 41 ; Продано в зале ; 16000 
 164 ; Медаль. Освещение Исаакиевского собора в Санкт-Петербурге. D-59mm. Медальер Ч. Винер. 1858 ;  ;  ; Br ; XF ; 37 ; verunk1 ; 12000 
 165 ; Медаль В память царствования императора Александра III. D-39мм ;  ;  ; Br ; XF- ; 45 ; Продано в зале ; 5500 
 166 ; Гергиевский крест 4 степени № 161859. Р-ры 43х43мм ;  ;  ; Ag ; VF-XF ; 76 ; korovan67 ; 18300 
 167 ; Медаль "Преуспевающему" для выпускников мужских гимназий. D-48мм ;  ;  ; Ag ; VF-XF ; 29 ; а1945 ; 15500 
 168 ; Фрачник За окончания Институт инженеров путей сообщения Императора Александра I в С.-Петербурге. На гайке-именное клеймо "ИТ" ;  ;  ;  ; XF ; 25 ; Sky2 ; 11500 
 101 ; 5 копеек ; 1723 ; Дата снизу вверх ; Cu ; F-VF ; 19 ; Sintez ; 3398 
 102 ; 5 копеек ; 1729 ; МД Хвост узкий ; Cu ; F-VF ; 14 ; 5666т ; 3800 
 103 ; 5 копеек ; 1765 ; СМ ; Cu ; VF ; 13 ; Кабак ; 3162 
 104 ; 5 копеек ; 1771 ; КМ "Сибирь" ; Cu ; VF-XF ; 45 ; Продано в зале ; 10000 
 105 ; 5 копеек ; 1786 ; КМ ; Cu ; XF- ; 19 ; Diatez ; 3500 
 106 ; 5 копеек ; 1789 ; АМ ; Cu ; XF- ; 38 ; Продано в зале ; 5500 
 107 ; 5 копеек ; 1790 ; АМ ; Cu ; XF- ; 10 ; sdv75-2010 ; 1300 
 108 ; 5 копеек ; 1791 ; АМ ; Cu ; XF ; 13 ; krass ; 1500 
 109 ; 5 копеек ; 1792 ; АМ ; Cu ; XF ; 38 ; Продано в зале ; 5500 
 110 ; 5 копеек ; 1793 ; АМ ; Cu ; XF ; 40 ; Продано в зале ; 4000 
 111 ; 5 копеек ; 1793 ; ЕМ Павл.перечекан ; Cu ; VF ; 25 ; ъъ ; 4500 
 112 ; 5 копеек (Ильин-20р) ; 1795 ; АМ Павл.перечекан ; Cu ; F ; 73 ; Kupferberg ; 18000 
 113 ; 5 копеек ; 1802 ; ЕМ ; Cu ; XF ; 37 ; habibbulin ; 14500 
 114 ; 5 копеек ; 1802 ; ЕМ ; Cu ; VF-XF ; 13 ; золант ; 4400 
 115 ; 5 копеек ; 1803 ; ЕМ ; Cu ; VF-XF ; 11 ; Продано в зале ; 3600 
 116 ; 5 копеек ; 1804 ; ЕМ ; Cu ; XF- ; 21 ; золант ; 4600 
 117 ; 5 копеек ; 1805 ; ЕМ ; Cu ; XF- ; 42 ; Sky2 ; 4800 
 118 ; 5 копеек ; 1807 ; ЕМ ; Cu ; XF- ; 32 ; Продано в зале ; 5500 
 119 ; 5 копеек (Ильин-3р) ; 1808 ; ЕМ ; Cu ; VF+ ; 24 ; Kupferberg ; 6125 
 120 ; 5 копеек ; 1809 ; ЕМ ; Cu ; VF-XF ; 23 ; Продано в зале ; 9500 
 121 ; 5 копеек ; 1839 ; ЕМ НА ; Cu ; VF-XF ; 25 ; masterovoi ; 2500 
 122 ; 5 копеек ; 1858 ; ЕМ ; Cu ; XF ; 78 ; Продано в зале ; 15000 
 123 ; 5 копеек ; 1867 ; СПБ ; Cu ; XF ; 58 ; Продано в зале ; 13000 
 124 ; 2 копейки ; 1762 ;  ; Cu ; VF- ; 39 ; Продано в зале ; 19000 
 125 ; 2 копейки ; 1763 ; ММ ; Cu ; VF+ ; 25 ; Vakula ; 2040 
 126 ; 2 копейки ; 1763 ; СПМ ; Cu ; VF ; 24 ; Продано в зале ; 2400 
 127 ; 2 копейки (Ильин-1р) ; 1763 ; СПМ ; Cu ; F ; 24 ; 5666т ; 3400 
 128 ; 2 копейки ; 1766 ; ММ ; Cu ; VF+ ; 37 ; Кабак ; 1800 
 129 ; 2 копейки (Ильин-20р) ; 1767 ; ММ ; Cu ; F- ; 70 ; Hiper ; 57500 
 130 ; 2 копейки (Ильин-3р) ; 1767 ; СПМ ; Cu ; F+ ; 15 ; Продано в зале ; 3400 
 131 ; 2 копейки ; 1788 ; ММ ; Cu ; VF+ ; 22 ; Продано в зале ; 3400 
 132 ; 2 копейки  В капсуле PCGS ; 1790 ; АМ ; Cu ;  ; 42 ; Продано в зале ; 24000 
 133 ; 2 копейки ; 1793 ; Е- М Павл.перечекан ; Cu ; VF ; 36 ; Продано в зале ; 8000 
 134 ; 2 копейки В капсуле PCGS ; 1802 ; ЕМ ; Cu ;  ; 28 ; verunk1 ; 23664 
 135 ; 2 копейки ; 1810 ; ЕМ НМ ; Cu ; XF- ; 33 ; Кабак ; 2600 
 136 ; 2 копейки ; 1810 ; ЕМ НМ ; Cu ; XF ; 42 ; sdv75-2010 ; 4200 
 137 ; 2 копейки ; 1811 ; КМ ПБ ; Cu ; XF ; 23 ; Кабак ; 1500 
 138 ; 2 копейки ; 1811 ; ЕМ НМ ; Cu ; XF ; 46 ; sdv75-2010 ; 2200 
 139 ; 2 копейки ; 1841 ; СПМ ; Cu ; XF- ; 74 ; Продано в зале ; 3600 
 140 ; 2 копейки ; 1856 ; ЕМ ; Cu ; AU ; 70 ; Продано в зале ; 30000 
 141 ; 2 копейки ; 1875 ; ЕМ ; Cu ; XF ; 36 ; Продано в зале ; 4200 
 142 ; Копейка. Новодел. Капсула PCGS. ; 1809 ; КМ Новодел ; Cu ;  ; 73 ; Продано в зале ; 44000 
 143 ; Копейка ; 1858 ; ВМ Венз.уже ; Cu ; XF ; 28 ; Продано в зале ; 10000 
 144 ; Копейка ; 1898 ; СПБ ; Cu ; AU ; 22 ; sdv75-2010 ; 3200 
 145 ; 1/2 копейки ; 1916 ;  ; Cu ; XF ; 50 ; Продано в зале ; 17000 
 146 ; Полушка ; 1861 ; ЕМ ; Cu ; XF- ; 36 ; Продано в зале ; 3400 
 147 ; 2 пара-3 копейки ; 1773 ; Валахия ; Cu ; VF ; 28 ; Продано в зале ; 9500 
 148 ; Бисти ; 1796 ; Грузия ; Cu ; VF- ; 19 ; Продано в зале ; 15000 
 149 ; Полубисти ; 1796 ; Грузия ; Cu ; VF ; 32 ; Продано в зале ; 17000 
 150 ; Один червонец. В коробке ; 1980 ; ММД ; Au ; Proof ; 23 ; Продано в зале ; 29000 
 51 ; Рубль ; 1818 ; СПБ ПС ; Ag ; AU ; 27 ; Продано в зале ; 32000 
 52 ; Рубль ; 1830 ; СПБ НГ ; Ag ; XF ; 23 ; Прокурор ; 15500 
 53 ; Рубль ; 1832 ; СПБ НГ ; Ag ; XF- ; 43 ; sdv75-2010 ; 10500 
 54 ; Рубль ; 1834 ; "На открытие Александровской колонны" ; Ag ; XF+ ; 38 ; NB ; 200000 
 55 ; Рубль (Ильин-5р) ; 1835 ; СПБ НГ ; Ag ; VF-XF ; 66 ; Продано в зале ; 38000 
 56 ; Рубль ; 1836 ; СПБ НГ ; Ag ; XF+ ; 25 ; Продано в зале ; 16000 
 57 ; Рубль ; 1837 ; СПБ НГ ; Ag ; XF ; 28 ; serg2010 ; 20000 
 58 ; Рубль ; 1837 ; СПБ НГ ; Ag ; XF ; 22 ; ЛАВ-13 ; 13000 
 59 ; Рубль (Ильин-3р) ; 1838 ; СПБ НГ ; Ag ; XF- ; 65 ; Продано в зале ; 44000 
 60 ; Рубль ; 1839 ; H.Gube F. "На открытие Бородинского памятника-часовни" ; Ag ; XF ; 49 ; Продано в зале ; 142500 
 61 ; Рубль ; 1840 ; СПБ НГ ; Ag ; XF ; 25 ; Продано в зале ; 11000 
 62 ; Рубль ; 1841 ; СПБ НГ ; Ag ; XF+ ; 30 ; Продано в зале ; 16000 
 63 ; Рубль ; 1842 ; СПБ АЧ ; Ag ; XF ; 26 ; Продано в зале ; 20000 
 64 ; Рубль ; 1845 ; СПБ КБ ; Ag ; XF ; 49 ; Продано в зале ; 18000 
 65 ; Рубль ; 1846 ; СПБ ПА ; Ag ; XF ; 17 ; Продано в зале ; 13000 
 66 ; Рубль ; 1859 ; На открытие памятника Николаю I ; Ag ; VF-XF ; 31 ; masterovoi ; 70000 
 67 ; Рубль ; 1871 ; СПБ HI ; Ag ; XF- ; 28 ; eastern wind ; 15302 
 68 ; Рубль ; 1877 ; СПБ HI ; Ag ; VF-XF ; 15 ; Квазимода ; 4626 
 69 ; Рубль ; 1885 ; СПБ АГ ; Ag ; XF ; 45 ; Druja ; 23000 
 70 ; Рубль ; 1886 ; (АГ) ; Ag ; XF+/AU ; 77 ; Продано в зале ; 200000 
 71 ; Рубль ; 1893 ; (АГ) ; Ag ; XF+ ; 46 ; Продано в зале ; 75000 
 72 ; Рубль. В капсуле NGC ; 1897 ; ( ** ) ; Ag ;  ; 40 ; ZOLTAN 333 ; 8500 
 73 ; Рубль ; 1898 ; (АГ) ; Ag ; XF ; 30 ; Прокурор ; 6250 
 74 ; Рубль ; 1898 ; (АГ) На открытие памятника Александру II ; Ag ; XF+ ; 53 ; 78gen ; 240000 
 75 ; Рубль ; 1898 ; (АГ) На открытие памятника Александру II ; Ag ; XF ; 67 ; Продано в зале ; 150000 
 76 ; Рубль ; 1912 ; (ЭБ) ; Ag ; XF+ ; 22 ; anna53 ; 10500 
 77 ; Рубль ; 1912 ; На столетие отечественной войны 1812 г. ; Ag ; AU ; 37 ; Продано в зале ; 140000 
 78 ; Рубль ; 1914 ; На 200-летие гангутского сражения ; Ag ; XF+ ; 65 ; NB ; 925000 
 79 ; Полтина (Петров-3р) ; 1719 ;  ; Ag ; VF-XF ; 60 ; NB ; 62500 
 80 ; Полтина (Ильин-4р) ; 1728 ;  ; Ag ; VF-XF ; 43 ; Продано в зале ; 110000 
 81 ; Полтина (Петров-3р) ; 1740 ;  ; Ag ; VF ; 31 ; Сыч ; 25000 
 82 ; Полтина ; 1836 ; СПБ НГ ; Ag ; XF ; 55 ; обморок ; 29000 
 83 ; Полтина ; 1839 ; СПБ НГ ; Ag ; XF ; 25 ; ЛАВ-13 ; 10500 
 84 ; Полтина ; 1845 ; СПБ КБ ; Ag ; XF+ ; 50 ; Продано в зале ; 11000 
 85 ; Полтина ; 1856 ; СПБ ФБ ; Ag ; XF+ ; 19 ; Druja ; 14500 
 86 ; Полтина ; 1859 ; СПБ ФБ ; Ag ; XF ; 51 ; Продано в зале ; 13000 
 87 ; Полтина. В капсуле ННР ; 1877 ; СПБ HI ; Ag ;  ; 31 ; REMS ; 6000 
 88 ; Полтина ; 1911 ; (ЭБ) АГ ; Ag ; XF+ ; 25 ; mottura ; 9375 
 89 ; Полтина. В капсуле ННР ; 1912 ; (ЭБ) АГ ; Ag ;  ; 35 ; il468 ; 3400 
 90 ; Полтина ; 1913 ; (ВС) АГ ; Ag ; AU ; 52 ; Продано в зале ; 6500 
 91 ; 20 копеек ; 1784 ; СПБ ; Ag ; VF-XF ; 29 ; Сема ; 10000 
 92 ; 15 копеек ; 1870 ; СПБ HI ; Ag ; AU ; 15 ; кве ; 3122 
 93 ; Гривенник. Капсула NGC ; 1769 ; СПБ TI ; Ag ;  ; 43 ; Продано в зале ; 9500 
 94 ; 10 копеек ; 1886 ; СПБ АГ ; Ag ; AU ; 19 ; Продано в зале ; 5500 
 95 ; 5 копеек. В капсуле NGC ; 1847 ; СПБ ПА ; Ag ;  ; 45 ; Продано в зале ; 5000 
 96 ; 5 копеек ; 1864 ; СПБ НФ ; Ag ; AU ; 23 ; to-to ; 4659 
 97 ; 5 копеек. В капсуле NGC ; 1884 ; СПБ АГ ; Ag ;  ; 14 ; il468 ; 1609 
 98 ; Алтын  (Петров-2р.) ; 1712 ;  ; Ag ; VF+ ; 51 ; Продано в зале ; 21000 
 99 ; 10 копеек ; 1775 ; КМ "Сибирь" ; Cu ; XF ; 14 ; Продано в зале ; 9000 
 100 ; 10 копеек ; 1781 ; КМ "Сибирь" ; Cu ; XF- ; 19 ; Sintez ; 9066 
 1 ; Платежный слиток. Гривна ;  ; Новгородская ; Ag ;  ; 39 ; Гостомысл ; 28000 
 2 ; Денга ; 1447-1478 ; Великий Новгород ; Ag ; VF+ ; 15 ; masterovoi ; 2397 
 3 ; Денга ; 1424-1510 ; Псков ; Ag ; VF+ ; 24 ; masterovoi ; 5000 
 4 ; 2 рубля. М-3,22г. ; 1756 ; СПБ ; Au ; XF+ ; 58 ; Продано в зале ; 145000 
 5 ; Рубль. М-1,57г. ; 1756 ;  ; Au ; XF- ; 56 ; Продано в зале ; 43000 
 6 ; Рубль. М-1,60гр ; 1756 ;  ; Au ; XF ; 16 ; Продано в зале ; 43000 
 7 ; 5 рублей. M-6,52г. ; 1818 ; СПБ МФ ; Au ; XF ; 57 ; krugerrand ; 105000 
 8 ; 5 рублей. М-6,54г ; 1831 ; СПБ ПД ; Au ; XF ; 49 ; 333985 ; 110000 
 9 ; Лот снят ;  ;  ;  ;  ; 0 ; Не продан ; 0 
 10 ; 5 рублей. Капсула PCGS ; 1842 ; СПБ АЧ ; Au ;  ; 20 ; а1945 ; 34000 
 11 ; 5 рублей. M-6,52г. ; 1849 ; СПБ АГ ; Au ; XF ; 26 ; Продано в зале ; 36000 
 12 ; 5 рублей. Капсула NGC ; 1851 ; СПБ АГ ; Au ;  ; 28 ; verunk1 ; 50000 
 13 ; 5 рублей. M-6,5г. ; 1877 ; СПБ НI ; Au ; XF ; 48 ; papinazu ; 36000 
 14 ; 3 рубля. М-3,89г. ; 1875 ; СПБ НI ; Au ; XF ; 25 ; Сыч ; 55000 
 15 ; 3 рубля ; 1832 ; СПБ ; Pt ; VF-XF ; 56 ; Продано в зале ; 72500 
 16 ; Рубль ; 1705 ; МД ; Ag ; VF-XF ; 55 ; Продано в зале ; 270000 
 17 ; Рубль ; 1719 ; L OK ; Ag ; XF+ ; 33 ; 78gen ; 200000 
 18 ; Рубль (Петров-5р) ; 1722 ;  ; Ag ; VF+ ; 35 ; Kartu ; 71400 
 19 ; Рубль ; 1723 ; ОК ; Ag ; XF+ ; 47 ; Продано в зале ; 170000 
 20 ; Рубль (Петров-3,5р, Ильин-3р) ; 1726 ;  ; Ag ; XF ; 35 ; Rarik ; 93500 
 21 ; Рубль (Петров-8р. Ильин-5р) ; 1727 ; СПБ ; Ag ; VF ; 27 ; Продано в зале ; 95000 
 22 ; Рубль  (Петров-15р. Ильин-5р) ; 1727 ; СПБ ; Ag ; VF-XF ; 20 ; Продано в зале ; 90000 
 23 ; Рубль ; 1727 ;  ; Ag ; XF ; 17 ; Продано в зале ; 47000 
 24 ; Рубль ; 1728 ;  ; Ag ; XF ; 25 ; Kartu ; 44000 
 25 ; Рубль ; 1729 ;  ; Ag ; XF+ ; 52 ; Продано в зале ; 145000 
 26 ; Рубль ; 1733 ;  ; Ag ; VF-XF ; 33 ; Продано в зале ; 28000 
 27 ; Рубль ; 1736 ;  ; Ag ; VF-XF ; 25 ; Продано в зале ; 26000 
 28 ; Рубль ; 1737 ;  ; Ag ; VF-XF ; 29 ; Продано в зале ; 20000 
 29 ; Рубль ; 1738 ;  ; Ag ; XF ; 30 ; ацетон ; 40000 
 30 ; Рубль ; 1746 ; ММД ; Ag ; XF ; 35 ; habibbulin ; 23000 
 31 ; Рубль ; 1753 ; СПБ IM ; Ag ; AU ; 89 ; Продано в зале ; 135000 
 32 ; Рубль ; 1754 ; ММД EI ; Ag ; VF-XF ; 25 ; eastern wind ; 25506 
 33 ; Рубль ; 1762 ; СПБ НК TI ; Ag ; XF- ; 32 ; habibbulin ; 17500 
 34 ; Рубль ; 1763 ; СПБ ЯI TI ; Ag ; XF- ; 19 ; Продано в зале ; 13000 
 35 ; Рубль ; 1767 ; ММД EI ; Ag ; VF-XF ; 36 ; papinazu ; 36000 
 36 ; Рубль ; 1771 ; СПБ АШ TI ; Ag ; XF- ; 41 ; habibbulin ; 16000 
 37 ; Рубль ; 1772 ; СПБ ЯЧ TI ; Ag ; XF ; 45 ; habibbulin ; 28000 
 38 ; Рубль ; 1774 ; СПБ QЛ TИ ; Ag ; XF+ ; 34 ; Продано в зале ; 18000 
 39 ; Рубль ; 1776 ; СПБ ЯЧ TИ ; Ag ; VF-XF ; 17 ; habibbulin ; 14500 
 40 ; Рубль (Петров - 4р.) ; 1777 ; СПБ ФЛ ; Ag ; AU ; 48 ; DAndy-2003 ; 31620 
 41 ; Рубль ; 1778 ; СПБ ФЛ ; Ag ; XF ; 23 ; Druja ; 18500 
 42 ; Рубль ; 1780 ; СПБ ИЗ ; Ag ; XF/AU ; 24 ; to-to ; 17000 
 43 ; Рубль ; 1798 ; СМ МБ ; Ag ; XF+ ; 43 ; vic-dmitri ; 44000 
 44 ; Рубль ; 1799 ; СМ ФЦ ; Ag ; XF ; 54 ; ValeriyL ; 40800 
 45 ; Рубль ; 1801 ; СМ АИ ; Ag ; XF+ ; 26 ; masterovoi ; 42000 
 46 ; Рубль ; 1809 ; СПБ МК ; Ag ; XF+ ; 33 ; Продано в зале ; 52000 
 47 ; Рубль ; 1812 ; СПБ МФ ; Ag ; XF+ ; 53 ; Продано в зале ; 45000 
 48 ; Рубль ; 1813 ; СПБ ПС ; Ag ; XF+ ; 56 ; 86578756578 ; 15500 
 49 ; Рубль ; 1817 ; СПБ ПС ; Ag ; AU ; 23 ; habibbulin ; 19500 
 50 ; Рубль ; 1818 ; СПБ ПС ; Ag ; AU ; 40 ; Продано в зале ; 26000 
