 1249 ; Знак  "Член ВЦИК РСФСР", с документом ; 20-е-30-е годы ;  ; Ag,эмаль ; XF+ ; 7 ; Продано в зале ; 96000 
 1250 ; Знак  "Член ЦИК СССР", с документом ; 20-е-30-е годы ;  ; Ag,эмаль ; XF+ ; 5 ; Продано в зале ; 92000 
 1251 ; Знак  "Член ЦИК УССР", № 290 ; 20-е-30-е годы ;  ; Бронза, эмаль ; XF+ ; 6 ; Продано в зале ; 88000 
 1252 ; Знак  "Член ЦИК БССР", тип 2 ; 20-е-30-е годы ;  ; Ag,эмаль ; XF+ ; 7 ; Продано в зале ; 98000 
 1253 ; Знак  "Член ЦИК АзербайджанскойССР", тип 3 ; 20-е-30-е годы ;  ; Ag,эмаль ; XF+ ; 18 ; Продано в зале ; 140000 
 1254 ; Знак "Депутат ВС Аз.ССР", 2-3 созыв, №257 ; 1947-1951 ;  ; Ag,эмаль ; AU ; 1 ; bag1809 ; 20000 
 1255 ; Знак "Депутат ВС ЭстонскойССР", 2-3 созыв, №23 ; 1947-1951 ;  ; Латунь,эмаль ; AU ; 2 ; bag1809 ; 22000 
 1256 ; Знак "Депутат ВС ЛатвийскойССР", 2-3 созыв, №40 ; 1947-1951 ;  ; Бронза,эмаль ; AU ; 8 ; Продано в зале ; 45000 
 1257 ; Знак "Депутат ВС ТуркменскойССР", 2-3 созыв, №114 ; 1947-1951 ;  ; Ag,эмаль ; AU ; 1 ; Продано в зале ; 30000 
 1258 ; Знак "Депутат ВС УзбекскойССР", 2-3 созыв, №124 ; 1947-1951 ;  ; Ag,эмаль ; AU ; 1 ; bag1809 ; 22000 
 1259 ; Знак "Депутат ВС АрмянскойССР", 1 созыв, №131 ; 1938 ;  ; Ag,эмаль ; AU ; 4 ; Продано в зале ; 46000 
 1260 ; Знак "Депутат ВС ГрузинскойССР", 1 созыв, №221 ; 1938 ;  ; Ag,эмаль ; XF+ ; 2 ; Продано в зале ; 40000 
 1261 ; Знак "Депутат ВС ГрузинскойССР", 2 созыв, №110 ; 1947 ;  ; Ag,эмаль ; AU ; 7 ; Продано в зале ; 36000 
 1262 ; Знак "Депутат ВС Дагестанской АССР", 1 созыв, №74 ; 1938 ;  ; Ag,эмаль ; XF ; 15 ; Продано в зале ; 80000 
 1263 ; Знак "Депутат ВС Марийской АССР", 2-3 созыв, №97 ; 1947-1951 ;  ; Ag,эмаль ; AU ; 9 ; bag1809 ; 28000 
 1264 ; Знак "Депутат ВС Чувашской АССР", 2-3 созыв, №101 ; 1947-1951 ;  ; Ag,эмаль ; AU ; 17 ; bag1809 ; 34000 
 1265 ; Знак "Депутат ВС Северо-Осетинской АССР", 7-11 созыв, №135 ; 1955-85 ;  ; Ag,эмаль ; AU ; 1 ; bag1809 ; 22000 
 1266 ; Знак "Депутат ВС РСФСР", 1-3 созыв, №523 ; 1938-1951 ;  ; Ag,эмаль ; AU ; 14 ; bag1809 ; 16206 
 1267 ; Знак ГУСДС НКВД «Отличнику дальстроевцу».  № 2378 ;  ;  ; Ж/м, эмаль ; XF- ; 14 ; Продано в зале ; 30000 
 1268 ; Знак "2ая Художественная олимпиада ЛМШПС", подвеска ;  ;  ; Cu,серебрение ; XF ; 16 ; alex09 ; 18870 
 1269 ; Медаль. Прорыв блокады Ленинграда 18 января 1943г.. D-69мм ; 1945ЛМД ;  ; Br ; XF ; 8 ; AVA01 ; 50000 
 1270 ; Медаль. 70 лет Великой Октябрьской социалистической революции. D-60мм. Вариант в томпаке-образец. Отверстие ; 1987ЛМД ;  ; Томпак ; AU ; 0 ; Не продан ; 0 
 1271 ; Медаль. Смольный-штаб Великой Октябрьской социалистической революции.Редкая.  D-58мм ; 1972ЛМД ;  ; Al ; AU ; 0 ; Не продан ; 0 
 1199 ; 3 копейки ; 1852 ; ВМ ; Cu ; XF+ ; 16 ; Продано в зале ; 30000 
 1200 ; 3 копейки ; 1883 ; СПБ ; Cu ; AU ; 22 ; Продано в зале ; 9200 
 1201 ; 2 копейки ; 1790 ; АМ ; Cu ; VF+ ; 3 ; mac ; 12750 
 1202 ; 2 копейки ; 1793 ; АМ ; Cu ; XF ; 1 ; mac ; 76000 
 1203 ; 2 копейки ; 1796 ; ЕМ ; Cu ; XF ; 1 ; Продано в зале ; 18500 
 1204 ; 2 копейки ; 1840 ; ЕМ ; Cu ; XF- ; 8 ; Продано в зале ; 3400 
 1205 ; 2 копейки ; 1899 ; СПБ ; Cu ; AU ; 12 ; Алексей Викторович ; 2448 
 1206 ; Копейка ; 1713 ; Н Ъ ; Cu ; VF-XF ; 1 ; mac ; 15000 
 1207 ; Копейка ; 1715 ; НД ; Cu ; XF- ; 1 ; mac ; 15000 
 1208 ; Копейка ; 1728 ;  ; Cu ; XF+ ; 17 ; Продано в зале ; 21000 
 1209 ; Копейка ; 1758 ;  ; Cu ; VF+ ; 5 ; Ионыч ; 16980 
 1210 ; Копейка ; 1840 ; СПМ ; Cu ; XF ; 3 ; Продано в зале ; 2800 
 1211 ; Копейка ; 1860 ; ВМ ; Cu ; XF ; 8 ; cr2563 ; 7140 
 1212 ; Копейка ; 1873 ; ЕМ ; Cu ; XF+ ; 1 ; Продано в зале ; 3400 
 1213 ; Копейка ; 1878 ; СПБ ; Cu ; XF ; 1 ; Продано в зале ; 3000 
 1214 ; Копейка ; 1882 ; СПБ ; Cu ; XF ; 3 ; Продано в зале ; 3200 
 1215 ; Денежка ; 1852 ; ЕМ ; Cu ; XF+ ; 3 ; Продано в зале ; 2200 
 1216 ; 1/2 копейки ; 1867 ; СПБ ; Cu ; XF+/AU ; 26 ; AVA01 ; 13000 
 1217 ; 1/2 копейки ; 1868 ; СПБ ; Cu ; XF- ; 15 ; Продано в зале ; 11000 
 1218 ; Полушка ; 1861 ; ВМ ; Cu ; XF- ; 17 ; Продано в зале ; 12000 
 1219 ; 1/4 копейки ; 1876 ; СПБ ; Cu ; XF/AU ; 1 ; Trien ; 4000 
 1220 ; 1/4 копейки ; 1879 ; СПБ ; Cu ; XF ; 13 ; андрей&ка ; 11334 
 1221 ; 1/4 копейки ; 1881 ; СПБ ; Cu ; AU ; 9 ; Продано в зале ; 9200 
 1222 ; 1 пенни ; 1882 ; Финляндия ; Cu ; XF+ ; 25 ; igors1969 ; 10302 
 1223 ; Один червонец ; 1923 ; (ПЛ) ; Au ; AU ; 1 ; cr2448 ; 110000 
 1224 ; Рубль ; 1921 ; (АГ) ; Ag ; AU ; 1 ; Harlock ; 8400 
 1225 ; 5 копеек ; 1924 ; Гурт гладкий ; Cu ; AU ; 3 ; tisa66 ; 11000 
 1226 ; 1 копейка ; 1922 ; Вторая государственная шорно-футлярная и чемоданная фабрика (Петроград) ; Cu ; AU ; 16 ; Продано в зале ; 18000 
 1227 ; Знак ордена Св. Станислава II ст. Фирма: "Эдуард". Р-ры: 50х50мм ; 1855-1916 ;  ; Au, эмаль ; AU ; 7 ; Продано в зале ; 125000 
 1228 ; Медаль наградная "Мир со Швецией" ;  ;  ; Ag ; XF- ; 5 ; Продано в зале ; 83000 
 1229 ; Медаль наградная. Воспитанникам польских учебных заведений. D = 38 мм. ( Дьяков 439, но D=33 мм.) ;  ;  ; Ag ; XF+ ; 18 ; Продано в зале ; 58000 
 1230 ; Медаль. Преуспевающему. D = 42 мм ;  ;  ; Ag ; XF ; 10 ; Продано в зале ; 16000 
 1231 ; Медаль. В память 300-летия царствования дома Романовых (с Георгиевским крестом). D = 27 мм ;  ;  ; Cu,позолота ; XF+ ; 25 ; Продано в зале ; 12500 
 1232 ; Знак  ветеринарного врача. Р-ры: 52х45мм. М-29,46гр ;  ;  ; Ag ; XF ; 3 ; korovan67 ; 20145 
 1233 ; Знак военных врачей в Императорской Медико-Хирургической Академии и Российских Университетах.  Р-ры: 62х45мм. М-41,11гр ;  ;  ; Ag, позол, эмал ; XF ; 14 ; Продано в зале ; 26000 
 1234 ; Знак  присяжного поверенного. Р-ры: 48х35мм. М-23,57гр ;  ;  ; Ag ; XF+ ; 7 ; korovan67 ; 20120 
 1235 ; Жетон "Школа прапорщиков северного фронта" 6-й выпуск. Клйемо 84 голова в право ;  ;  ; Ag ; XF ; 15 ; bag1809 ; 31110 
 1236 ; Знак "Императорское Российское общество садоводов", рижское отделение ;  ;  ; Ag ; AU ; 21 ; bag1809 ; 18312 
 1237 ; Медаль на коронацию Елизаветы I. D=60 мм. I.G.W.F. (И.Г. Вехтер исполнил), а справа надпись КОПIЯ ; 1742 ;  ; Cu ; XF+ ; 7 ; Продано в зале ; 18000 
 1238 ; Медаль. " Достойному ", императорская академия художеств. D = 53 мм ;  ;  ; Cu ; XF/XF+ ; 8 ; AVA01 ; 29580 
 1239 ; Медаль. За полезные труды по сельскому хозяйству. D = 64 мм ;  ;  ; Ag ; XF ; 8 ; Продано в зале ; 36000 
 1240 ; Медаль. 50-лет на поприще службы и науки професору И.В.Буяльскому. D = 62 мм ;  ;  ; Cu ; AU/XF ; 1 ; LUTSCH ; 15000 
 1241 ; Медаль. В память чудесного спасения царского семейства 17 октября 1888г. D-90мм ;  ;  ; Cu ; XF/AU ; 16 ; андрей&ка ; 34000 
 1242 ; Медаль в память кончины Императора Александра II 1 марта 1881 г. D-77мм ;  ;  ; Cu ; XF/AU ; 33 ; андрей&ка ; 25000 
 1243 ; Медаль. С.-Петербургский лесной институт (1903-1903). D-77мм ;  ;  ; Cu ; XF+ ; 20 ; Продано в зале ; 18500 
 1244 ; Медаль. За полезные труды по сельскому хозяйству. D = 64 мм ;  ;  ; Cu ; AU ; 5 ; андрей&ка ; 11000 
 1245 ; Медаль в память 700-летия Христианства в Финляндии 1857г. D-57мм ;  ;  ; Cu ; XF/AU ; 1 ; QSL ; 6000 
 1246 ; Медаль наградная за Гельсингфорскую выставку в 1876г. D-65мм ;  ;  ; Cu ; XF+ ; 13 ; андрей&ка ; 8007 
 1247 ; Медаль в память посещения парламента Финляндии Александром II (1863-1864). D-56мм ;  ;  ; Cu ; XF/AU ; 15 ; стрелец ; 6800 
 1248 ; Медаль в память 200-летия Александровского университета в Финляндии 1840г. Имп. Николай I. 57мм ;  ;  ; Cu ; XF ; 11 ; андрей&ка ; 6630 
 1149 ; 15 копеек-1 злотый ; 1838 ; MW Рус.-Пол. ; Ag ; XF ; 5 ; Продано в зале ; 3800 
 1150 ; 15 копеек ; 1861 ; СПБ МИ ; Ag ; VF-XF ; 5 ; Маша-растеряша ; 13000 
 1151 ; 15 копеек ; 1875 ; СПБ HI ; Ag ; AU ; 5 ; Продано в зале ; 4200 
 1152 ; 15 копеек ; 1898 ; СПБ АГ ; Ag ; XF/AU ; 23 ; Продано в зале ; 7400 
 1153 ; Гривенник ; 1744 ;  ; Ag ; XF-/XF ; 13 ; каламбурчик ; 5553 
 1154 ; Гривенник ; 1746 ;  ; Ag ; XF+ ; 11 ; verunk1 ; 6777 
 1155 ; Гривенник ; 1771 ; СПБ TI ; Ag ; XF- ; 9 ; Isay ; 4029 
 1156 ; Гривенник ; 1778 ; СПБ ; Ag ; XF- ; 5 ; каламбурчик ; 4200 
 1157 ; Гривенник ; 1783 ; СПБ ; Ag ; XF/XF+ ; 1 ; каламбурчик ; 3800 
 1158 ; Гривенник ; 1784 ; СПБ ; Ag ; XF/XF+ ; 3 ; verunk1 ; 3876 
 1159 ; 10 копеек ; 1804 ; СПБ ФГ ; Ag ; VF+ ; 7 ; Продано в зале ; 21000 
 1160 ; 10 копеек ; 1805 ; СПБ ФГ ; Ag ; XF ; 21 ; mac ; 73224 
 1161 ; 10 копеек ; 1826 ; СПБ НГ ; Ag ; XF+/AU ; 32 ; Продано в зале ; 32000 
 1162 ; 10 копеек ; 1828 ; СПБ НГ ; Ag ; XF/XF- ; 31 ; Продано в зале ; 25000 
 1163 ; 10 копеек ; 1859 ; СПБ ФБ ; Ag ; AU ; 17 ; Продано в зале ; 10000 
 1164 ; 5 копеек ; 1760 ; СПБ ; Ag ; XF+ ; 13 ; sity007 ; 15300 
 1165 ; 5 копеек ; 1831 ; СПБ НГ ; Ag ; XF+ ; 17 ; Продано в зале ; 8600 
 1166 ; 5 копеек ; 1840 ; СПБ НГ ; Ag ; XF+ ; 7 ; Продано в зале ; 12000 
 1167 ; 5 копеек ; 1855 ; СПБ HI ; Ag ; Unc/AU ; 11 ; Продано в зале ; 11000 
 1168 ; 5 копеек ; 1861 ; СПБ ФБ ; Ag ; XF/AU ; 3 ; Продано в зале ; 4600 
 1169 ; 5 копеек ; 1885 ; СПБ АГ ; Ag ; AU ; 8 ; Продано в зале ; 4200 
 1170 ; 5 копеек ; 1887 ; СПБ АГ ; Ag ; AU ; 1 ; Продано в зале ; 3400 
 1171 ; 5 злотых ; 1816 ; IB Польша ; Ag ; VF+ ; 7 ; cr2563 ; 10302 
 1172 ; 5 злотых ; 1829 ; FH Польша ; Ag ; XF/XF- ; 9 ; Isay ; 19890 
 1173 ; 5 злотых ; 1830 ; KG Польша ; Ag ; XF- ; 3 ; Продано в зале ; 9000 
 1174 ; 5 злотых ; 1831 ; KG Польша ; Ag ; XF/XF+ ; 11 ; luda ; 21000 
 1175 ; 5 злотых ; 1833 ; KG Польша ; Ag ; XF/XF- ; 1 ; Продано в зале ; 8500 
 1176 ; 5 грошей ; 1819 ; IB Польша ; Ag ; XF ; 23 ; Продано в зале ; 9200 
 1177 ; Двойной абаз ; 1827 ; АТ Грузия ; Ag ; XF ; 39 ; Продано в зале ; 16000 
 1178 ; Талер, Курляндия. Петр Бирон ; 1780 ;  ; Ag ; XF+ ; 0 ; Не продан ; 0 
 1179 ; 6 грошей. В капсуле NGC ; 1761 ; Для Пруссии ; Ag ; XF45 ; 9 ; cr2563 ; 17578 
 1180 ; 5 копеек ; 1778 ; КМ "Сибирь" ; Cu ; VF+ ; 2 ; Алексей Викторович ; 4080 
 1181 ; 5 копеек ; 1782 ; КМ ; Cu ; XF ; 9 ; Продано в зале ; 6400 
 1182 ; 5 копеек ; 1784 ; КМ ; Cu ; XF- ; 1 ; Isay ; 3000 
 1183 ; 5 копеек ; 1785 ; КМ ; Cu ; XF- ; 3 ; mac ; 5214 
 1184 ; 5 копеек ; 1786 ; КМ ; Cu ; VF-XF ; 10 ; igors1969 ; 5099 
 1185 ; 5 копеек ; 1787 ; ТМ ; Cu ; VF ; 1 ; Продано в зале ; 40000 
 1186 ; 5 копеек ; 1788 ; ЕМ ; Cu ; VF-XF ; 5 ; cr2563 ; 8200 
 1187 ; 5 копеек ; 1791 ; АМ ; Cu ; XF- ; 5 ; Sky2 ; 1062 
 1188 ; 5 копеек ; 1792 ; АМ ; Cu ; XF ; 9 ; Sky2 ; 1301 
 1189 ; 5 копеек ; 1795 ; АМ ; Cu ; XF+ ; 17 ; 439 ; 3632 
 1190 ; 5 копеек ; 1803 ; КМ ; Cu ; XF- ; 7 ; OMT ; 8000 
 1191 ; 5 копеек ; 1804 ; КМ ; Cu ; VF-XF ; 40 ; OMT ; 6405 
 1192 ; 5 копеек ; 1836 ; ЕМ ФХ ; Cu ; XF ; 26 ; Алексей Викторович ; 8058 
 1193 ; 5 копеек ; 1866 ; ЕМ ; Cu ; XF- ; 5 ; Продано в зале ; 6200 
 1194 ; 5 копеек ; 1872 ; ЕМ ; Cu ; AU/XF ; 3 ; Продано в зале ; 5600 
 1195 ; 5 копеек ; 1873 ; ЕМ ; Cu ; XF ; 5 ; SSK ; 6018 
 1196 ; 5 копеек ; 1874 ; ЕМ ; Cu ; XF- ; 0 ; Продано в зале ; 4600 
 1197 ; 5 копеек ; 1877 ; СПБ ; Cu ; AU ; 0 ; Продано в зале ; 9000 
 1198 ; 5 копеек ; 1881 ; СПБ ; Cu ; XF+ ; 7 ; SSK ; 5049 
 1099 ; Полтина ; 1738 ;  ; Ag ; VF+ ; 7 ; андрей&ка ; 32000 
 1100 ; Полтина ; 1756 ; СПБ IM BS ; Ag ; VF+ ; 1 ; luda ; 70000 
 1101 ; Полтина ; 1762 ; ММД ДМ ; Ag ; VF+ ; 5 ; cr2448 ; 43860 
 1102 ; Полтина ; 1785 ; СПБ ЯА ; Ag ; VF+ ; 5 ; Продано в зале ; 40000 
 1103 ; Полтина ; 1819 ; СПБ ПС ; Ag ; XF- ; 1 ; mac ; 10000 
 1104 ; Полтина ; 1823 ; СПБ ПД ; Ag ; XF/AU ; 28 ; Продано в зале ; 60000 
 1105 ; Полтина ; 1854 ; MW ; Ag ; Unc/AU ; 3 ; Продано в зале ; 70000 
 1106 ; Полтина ; 1859 ; СПБ ФБ ; Ag ; XF+ ; 1 ; Продано в зале ; 13000 
 1107 ; Полтина ; 1867 ; СПБ HI ; Ag ; XF ; 19 ; Продано в зале ; 42000 
 1108 ; Полтина ; 1894 ; (АГ) ; Ag ; XF+ ; 4 ; Продано в зале ; 29000 
 1109 ; Полтина ; 1895 ; (АГ) АГ ; Ag ; XF ; 20 ; сапсан ; 7151 
 1110 ; Полтина ; 1896 ; ( * ) ; Ag ; XF+ ; 4 ; Продано в зале ; 7600 
 1111 ; Полтина ; 1914 ; (ВС) АГ ; Ag ; XF/AU ; 7 ; Продано в зале ; 12000 
 1112 ; Полтина ; 1914 ; (ВС) АГ ; Ag ; XF+ ; 5 ; Продано в зале ; 8600 
 1113 ; Полуполтинник ; 1765 ; ММД ЕI ТI ; Ag ; XF ; 6 ; Продано в зале ; 23000 
 1114 ; Полуполтинник ; 1766 ; ММД ЕI ; Ag ; XF- ; 2 ; андрей&ка ; 6120 
 1115 ; Полуполтинник ; 1769 ; ММД ЕI ; Ag ; XF ; 10 ; Продано в зале ; 16000 
 1116 ; Полуполтинник ; 1781 ; СПБ АГ ; Ag ; XF+ ; 15 ; Продано в зале ; 25500 
 1117 ; Полуполтинник ; 1795 ; СПБ АК ; Ag ; XF ; 7 ; Продано в зале ; 18000 
 1118 ; Полуполтинник ; 1798 ; СП  ОМ ; Ag ; VF-XF ; 1 ; Продано в зале ; 58000 
 1119 ; 25 копеек ; 1845 ; СПБ КБ ; Ag ; XF- ; 1 ; Продано в зале ; 7200 
 1120 ; 25 копеек-50 грошей ; 1846 ; MW Рус.-Пол. ; Ag ; XF ; 11 ; Продано в зале ; 5200 
 1121 ; 25 копеек ; 1878 ; СПБ НФ ; Ag ; AU ; 6 ; Продано в зале ; 5600 
 1122 ; 25 копеек ; 1886 ; (АГ) АГ ; Ag ; AU ; 2 ; ракот ; 94000 
 1123 ; 25 копеек ; 1889 ; (АГ) АГ ; Ag ; XF/XF+ ; 1 ; ludaNEW ; 200000 
 1124 ; 25 копеек ; 1890 ; (АГ) АГ ; Ag ; XF/XF- ; 12 ; ludaNEW ; 48000 
 1125 ; 25 копеек ; 1891 ; (АГ) АГ ; Ag ; XF+ ; 1 ; ludaNEW ; 50000 
 1126 ; 25 копеек ; 1892 ; (АГ) АГ ; Ag ; XF ; 1 ; ludaNEW ; 75000 
 1127 ; 25 копеек ; 1893 ; (АГ) АГ ; Ag ; AU ; 18 ; Ионыч ; 37307 
 1128 ; 25 копеек ; 1894 ; (АГ) АГ ; Ag ; AU ; 5 ; Ионыч ; 15000 
 1129 ; 20 копеек ; 1771 ; СПБ TI ; Ag ; XF- ; 5 ; mac ; 10200 
 1130 ; 20 копеек ; 1772 ; СПБ TI ; Ag ; XF ; 3 ; mac ; 12240 
 1131 ; 20 копеек ; 1776 ; СПБ TI ; Ag ; XF ; 9 ; Продано в зале ; 13000 
 1132 ; 20 копеек ; 1784 ; СПБ ; Ag ; XF ; 1 ; mac ; 8000 
 1133 ; 20 копеек ; 1821 ; СПБ ПД ; Ag ; XF+ ; 6 ; verunk1 ; 4998 
 1134 ; 20 копеек ; 1823 ; СПБ ПД ; Ag ; XF- ; 1 ; ракот ; 4000 
 1135 ; 20 копеек ; 1835 ; СПБ НГ ; Ag ; VF-XF ; 0 ; Продано в зале ; 3000 
 1136 ; 20 копеек ; 1836 ; СПБ НГ ; Ag ; XF ; 1 ; ракот ; 3000 
 1137 ; 20 копеек ; 1839 ; СПБ НГ ; Ag ; XF+ ; 25 ; Продано в зале ; 9000 
 1138 ; 20 копеек ; 1840 ; СПБ НГ ; Ag ; XF/XF+ ; 24 ; verunk1 ; 5667 
 1139 ; 20 копеек ; 1845 ; СПБ КБ ; Ag ; XF- ; 7 ; luda ; 17850 
 1140 ; 20 копеек ; 1857 ; СПБ ФБ ; Ag ; AU ; 5 ; Продано в зале ; 5800 
 1141 ; 20 копеек ; 1861 ; СПБ ФБ ; Ag ; AU ; 1 ; Враг ; 3400 
 1142 ; 20 копеек ; 1893 ; СПБ АГ ; Ag ; AU ; 21 ; Алексей Викторович ; 2808 
 1143 ; 20 копеек ; 1907 ; СПБ ЭБ ; Ag ; Unc ; 12 ; Продано в зале ; 4000 
 1144 ; 20 копеек ; 1917 ; ВС ; Ag ; Unc/AU ; 39 ; Продано в зале ; 52000 
 1145 ; 15 копеек ; 1784 ; СПБ ; Ag ; XF- ; 1 ; mac ; 8000 
 1146 ; 15 копеек ; 1787 ; СПБ ; Ag ; XF ; 11 ; sail ; 13266 
 1147 ; 15 копеек-1 злотый ; 1836 ; MW Рус.-Пол. ; Ag ; XF ; 9 ; verunk1 ; 3400 
 1148 ; 15 копеек-1 злотый ; 1837 ; MW Рус.-Пол. ; Ag ; XF ; 14 ; verunk1 ; 5200 
 1049 ; Рубль ; 1762 ; СПБ НК TI ; Ag ; XF+ ; 9 ; Продано в зале ; 20000 
 1050 ; Рубль ; 1764 ; СПБ СА TI ; Ag ; AU ; 3 ; Продано в зале ; 23000 
 1051 ; Рубль ; 1765 ; СПБ ЯI TI ; Ag ; AU ; 43 ; Алексей Викторович ; 40588 
 1052 ; Рубль ; 1765 ; СПБ СА TI ; Ag ; XF+ ; 5 ; Ионыч ; 22667 
 1053 ; Рубль ; 1769 ; СПБ СА TI ; Ag ; AU ; 6 ; Продано в зале ; 37000 
 1054 ; Рубль ; 1771 ; СПБ АШ TI ; Ag ; XF+ ; 9 ; Продано в зале ; 28000 
 1055 ; Рубль ; 1777 ; СПБ ФЛ ; Ag ; XF+ ; 3 ; luda ; 21534 
 1056 ; Рубль ; 1781 ; СПБ ИЗ ; Ag ; XF+ ; 5 ; Продано в зале ; 32000 
 1057 ; Рубль ; 1782 ; СПБ ИЗ ; Ag ; XF ; 3 ; Basilio ; 24990 
 1058 ; Рубль ; 1796 ; БМ ; Ag ; VF+ ; 8 ; Продано в зале ; 380000 
 1059 ; Рубль ; 1797 ; СМ ФЦ ; Ag ; XF/XF+ ; 1 ; Продано в зале ; 270000 
 1060 ; Рубль ; 1798 ; СМ МБ ; Ag ; XF- ; 17 ; Продано в зале ; 20000 
 1061 ; Рубль ; 1815 ; СПБ МФ ; Ag ; XF/AU ; 23 ; Продано в зале ; 34000 
 1062 ; Рубль ; 1834 ; СПБ НГ ; Ag ; XF ; 0 ; Продано в зале ; 10000 
 1063 ; Рубль ; 1836 ; СПБ НГ ; Ag ; XF+ ; 16 ; 8128 ; 14790 
 1064 ; Рубль ; 1843 ; СПБ АЧ ; Ag ; XF+ ; 7 ; max96 ; 15414 
 1065 ; Рубль ; 1843 ; СПБ АЧ ; Ag ; XF+ ; 6 ; luda ; 9000 
 1066 ; Рубль. В капсуле NGC ; 1844 ; MW ; Ag ; XF details ; 0 ; Продано в зале ; 10000 
 1067 ; Рубль ; 1845 ; СПБ КБ ; Ag ; XF+ ; 12 ; Продано в зале ; 19000 
 1068 ; Рубль ; 1847 ; MW ; Ag ; XF+ ; 6 ; Продано в зале ; 13000 
 1069 ; Рубль. Редкий ; 1851 ; СПБ ПА ; Ag ; XF ; 5 ; Продано в зале ; 23000 
 1070 ; Рубль ; 1852 ; СПБ ПА ; Ag ; XF/AU ; 14 ; Продано в зале ; 24000 
 1071 ; Рубль ; 1854 ; СПБ HI ; Ag ; XF+ ; 7 ; Продано в зале ; 23000 
 1072 ; Рубль ; 1855 ; СПБ HI ; Ag ; XF+ ; 6 ; ракот ; 14394 
 1073 ; Рубль ; 1858 ; СПБ ФБ ; Ag ; XF+ ; 28 ; андрей&ка ; 43860 
 1074 ; Рубль ; 1868 ; СПБ HI ; Ag ; XF+ ; 14 ; verunk1 ; 35741 
 1075 ; Рубль ; 1873 ; СПБ HI ; Ag ; XF/AU ; 11 ; Продано в зале ; 50000 
 1076 ; Рубль ; 1882 ; СПБ НФ ; Ag ; XF/AU ; 17 ; Продано в зале ; 42000 
 1077 ; Рубль ; 1883 ; ЛШ На коронацию Александра III ; Ag ; AU ; 11 ; Продано в зале ; 19000 
 1078 ; Рубль. В капсуле NGC ; 1888 ; (АГ) ; Ag ; AU55 ; 1 ; mac ; 50000 
 1079 ; Рубль ; 1890 ; (АГ) ; Ag ; XF ; 1 ; Продано в зале ; 78100 
 1080 ; Рубль ; 1892 ; (АГ) ; Ag ; XF/AU ; 6 ; Isay ; 44000 
 1081 ; Рубль ; 1893 ; (АГ) ; Ag ; XF+/AU ; 1 ; luda ; 50000 
 1082 ; Рубль ; 1894 ; (АГ) ; Ag ; XF/XF+ ; 10 ; max96 ; 35700 
 1083 ; Рубль ; 1896 ; (АГ) На коронацию Николая II ; Ag ; XF/AU ; 7 ; Isay ; 31111 
 1084 ; Рубль ; 1897 ; ( ** ) ; Ag ; AU ; 23 ; Продано в зале ; 18000 
 1085 ; Рубль ; 1898 ; (АГ) На открытие памятника Александру II ; Ag ; XF+ ; 20 ; Продано в зале ; 115000 
 1086 ; Рубль ; 1898 ; (АГ) На открытие памятника Александру II ; Ag ; XF/XF+ ; 9 ; Mmm ; 97001 
 1087 ; Рубль ; 1898 ; (АГ) ; Ag ; XF+ ; 17 ; Продано в зале ; 19000 
 1088 ; Рубль ; 1898 ; (АГ) ; Ag ; XF- ; 8 ; Продано в зале ; 4200 
 1089 ; Рубль ; 1899 ; (ЭБ) ; Ag ; XF/XF+ ; 37 ; Продано в зале ; 22000 
 1090 ; Рубль ; 1901 ; (ФЗ) ; Ag ; XF+ ; 15 ; Продано в зале ; 24000 
 1091 ; Рубль ; 1909 ; (ЭБ) ; Ag ; AU ; 46 ; Продано в зале ; 98000 
 1092 ; Рубль ; 1911 ; (ЭБ) ; Ag ; XF+ ; 25 ; Продано в зале ; 28000 
 1093 ; Рубль ; 1912 ; На столетие отечественной войны 1812 г. ; Ag ; AU ; 17 ; Продано в зале ; 87000 
 1094 ; Рубль ; 1913 ; (ЭБ) ; Ag ; AU ; 17 ; Продано в зале ; 105000 
 1095 ; Рубль ; 1913 ; (ВС) ; Ag ; VF+ ; 5 ; ракот ; 66300 
 1096 ; Рубль ; 1914 ; (ВС) ; Ag ; XF/AU ; 10 ; Алексей Викторович ; 33111 
 1097 ; Рубль ; 1915 ; (ВС) ; Ag ; XF ; 13 ; verunk1 ; 18573 
 1098 ; Полтина ; 1733 ;  ; Ag ; VF+ ; 5 ; Isay ; 30600 
 151 ; Медаль в память открытия памятника Александру II в Финляндии. Имп. Александр II. Медальер Грилихес. D-69мм ; 1894 ;  ; Cu ; AU ; 15 ; Продано в зале ; 7200 
 152 ; Медаль. В память графа Р. Ребиндера. СПб м д. Медальер П. Уткин. D-49мм ; 1841 ;  ; Cu ; AU ; 9 ; Продано в зале ; 4200 
 1001 ; 10 рублей (Петров - 75р) ; 1762 ; ММД ТI ; Au ; VF+ ; 6 ; Продано в зале ; 510000 
 1002 ; 5 рублей ; 1817 ; СПБ ФГ ; Au ; VF+ ; 18 ; андрей&ка ; 45900 
 1003 ; 5 рублей ; 1830 ; СПБ ПД ; Au ; VF+ ; 12 ; Продано в зале ; 50000 
 1004 ; 5 рублей ; 1836 ; СПБ ПД ; Au ; XF/AU ; 7 ; маняня ; 44000 
 1005 ; 5 рублей ; 1839 ; СПБ АЧ ; Au ; AU/XF ; 14 ; Isay ; 40206 
 1006 ; 5 рублей ; 1845 ; СПБ КБ ; Au ; AU/XF ; 30 ; Продано в зале ; 49000 
 1007 ; 5 рублей ; 1846 ; АГ АГ ; Au ; XF+ ; 12 ; Продано в зале ; 52000 
 1008 ; 5 рублей ; 1851 ; СПБ АГ ; Au ; XF+ ; 12 ; Продано в зале ; 45500 
 1009 ; 5 рублей ; 1853 ; СПБ АГ ; Au ; XF+ ; 11 ; Продано в зале ; 36000 
 1010 ; 5 рублей ; 1863 ; СПБ МИ ; Au ; AU ; 13 ; маняня ; 66000 
 1011 ; 5 рублей ; 1870 ; СПБ НI ; Au ; AU ; 23 ; Продано в зале ; 55000 
 1012 ; 5 рублей ; 1872 ; СПБ НI ; Au ; XF+ ; 12 ; Продано в зале ; 42000 
 1013 ; 5 рублей ; 1880 ; СПБ НФ ; Au ; AU ; 20 ; Продано в зале ; 62000 
 1014 ; 5 рублей ; 1889 ; (АГ) АГ ; Au ; XF+ ; 6 ; Продано в зале ; 27000 
 1015 ; 5 рублей ; 1890 ; (АГ) ; Au ; XF+ ; 7 ; lelic ; 28000 
 1016 ; 3 рубля-20 злотых ; 1835 ; СПБ ПД Рус.-Пол. ; Au ; XF+ ; 6 ; luda ; 82000 
 1017 ; 2 рубля ; 1756 ;  ; Au ; XF ; 3 ; Mmm ; 57120 
 1018 ; Рубль ; 1779 ; "Для дворцового обихода" ; Au ; XF/XF+ ; 12 ; Mmm ; 34000 
 1019 ; 1 дукат. Петербургской чеканки. Признаки 4,7 ; 1849 ;  ; Au ; XF+ ; 33 ; Basilio ; 21637 
 1020 ; 3 рубля ; 1832 ; СПБ ; Pt ; VF/VF+ ; 9 ; маняня ; 56000 
 1021 ; 1,5 рубля-10 злотых ; 1836 ; НГ Рус.-Пол. ; Ag ; AU ; 7 ; Продано в зале ; 46000 
 1022 ; 1,5 рубля-10 злотых ; 1836 ; НГ Рус.-Пол. ; Ag ; XF+ ; 1 ; Продано в зале ; 13000 
 1023 ; Рубль ; 1719 ; ILL OK ; Ag ; VF ; 3 ; luda ; 34000 
 1024 ; Рубль ; 1720 ;  ; Ag ; VF+ ; 5 ; Продано в зале ; 39500 
 1025 ; Рубль ; 1721 ; K ; Ag ; XF- ; 17 ; luda ; 46284 
 1026 ; Рубль ; 1725 ;  ; Ag ; VF-XF ; 8 ; luda ; 40914 
 1027 ; Рубль ; 1726 ;  ; Ag ; VF+ ; 15 ; Продано в зале ; 56000 
 1028 ; Рубль ; 1731 ;  ; Ag ; XF- ; 14 ; Продано в зале ; 44000 
 1029 ; Рубль ; 1733 ;  ; Ag ; XF ; 11 ; Продано в зале ; 32000 
 1030 ; Рубль ; 1734 ;  ; Ag ; XF+ ; 7 ; Ионыч ; 38533 
 1031 ; Рубль ; 1737 ;  ; Ag ; XF ; 3 ; Продано в зале ; 34000 
 1032 ; Рубль ; 1738 ;  ; Ag ; XF+ ; 2 ; Продано в зале ; 31000 
 1033 ; Рубль ; 1738 ;  ; Ag ; VF+ ; 2 ; Mmm ; 20400 
 1034 ; Рубль ; 1738 ; СПБ ; Ag ; XF ; 26 ; Продано в зале ; 40000 
 1035 ; Рубль ; 1742 ; СПБ ; Ag ; XF- ; 1 ; mac ; 26000 
 1036 ; Рубль ; 1744 ; СПБ ; Ag ; XF/XF+ ; 1 ; Ионыч ; 25000 
 1037 ; Рубль ; 1745 ; ММД ; Ag ; XF- ; 24 ; Продано в зале ; 39000 
 1038 ; Рубль ; 1749 ; СПБ ; Ag ; XF- ; 1 ; Ионыч ; 25000 
 1039 ; Рубль ; 1750 ; ММД ; Ag ; VF-XF ; 0 ; Не продан ; 0 
 1040 ; Рубль ; 1754 ; СПБ IM BS ; Ag ; XF+ ; 7 ; Ионыч ; 40800 
 1041 ; Рубль ; 1754 ; ММД МБ ; Ag ; XF-/XF ; 11 ; Ионыч ; 28835 
 1042 ; Рубль ; 1755 ; СПБ IM BS ; Ag ; XF+ ; 8 ; 8128 ; 41934 
 1043 ; Рубль ; 1756 ; СПБ IM BS ; Ag ; XF+ ; 3 ; Продано в зале ; 40000 
 1044 ; Рубль ; 1756 ; СПБ ЯI BS ; Ag ; XF- ; 5 ; Продано в зале ; 30000 
 1045 ; Рубль ; 1756 ; ММД МБ ; Ag ; XF ; 5 ; Продано в зале ; 34000 
 1046 ; Рубль ; 1758 ; СПБ НК TI ; Ag ; XF ; 10 ; mac ; 114240 
 1047 ; Рубль ; 1760 ; СПБ ЯI TI ; Ag ; XF ; 12 ; андрей&ка ; 64000 
 1048 ; Рубль ; 1762 ; СПБ НК ; Ag ; VF+ ; 13 ; Продано в зале ; 46000 
 101 ; 10 копеек.(Петров-5р) ; 1852 ; СПБ HI ; Ag ; XF ; 35 ; Продано в зале ; 24000 
 102 ; 10 копеек ; 1859 ; СПБ ФБ ; Ag ; XF+ ; 30 ; Продано в зале ; 5400 
 103 ; 5 копеек ; 1755 ; СПБ ; Ag ; VF ; 55 ; Продано в зале ; 9500 
 104 ; 5 копеек ; 1756 ; СПБ ; Ag ; VF- ; 63 ; Продано в зале ; 22000 
 105 ; 5 копеек ; 1844 ; СПБ КБ ; Ag ; XF+ ; 23 ; Продано в зале ; 4700 
 106 ; 5 копеек ; 1862 ; СПБ МИ ; Ag ; XF+ ; 37 ; Продано в зале ; 3000 
 107 ; 5 копеек ; 1868 ; СПБ HI ; Ag ; AU ; 21 ; serg2010 ; 4488 
 108 ; 5 копеек ; 1901 ; СПБ АР ; Ag ; AU ; 62 ; elac ; 4000 
 109 ; 10 копеек, Сибирь ; 1774 ; КМ "Сибирь" ; Cu ; VF+ ; 23 ; SSK ; 7933 
 110 ; 5 копеек ; 1726 ; МД Хвост узкий ; Cu ; VF ; 22 ; Isay ; 4131 
 111 ; 5 копеек ; 1727 ; НД Дата снизу вверх ; Cu ; VF ; 20 ; Sky2 ; 2440 
 112 ; 5 копеек ; 1778 ; КМ "Сибирь" ; Cu ; XF- ; 35 ; leo 2 ; 5411 
 113 ; 5 копеек (Петров-10р) ; 1781 ; КМ ; Cu ; VF+ ; 31 ; Продано в зале ; 17000 
 114 ; 5 копеек (Петров-2р) ; 1802 ; КМ ; Cu ; VF ; 22 ; Продано в зале ; 5200 
 115 ; 5 копеек (Петров-2р, Ильин-1р) ; 1802 ; КМ ; Cu ; VF+ ; 21 ; 45500 ; 4182 
 116 ; 5 копеек (Петров-2р, Ильин-1р) ; 1803 ; КМ ; Cu ; VF-XF ; 31 ; Bolt ; 7500 
 117 ; 5 копеек (Ильин-3р) ; 1803 ; ЕМ ; Cu ; VF ; 17 ; Продано в зале ; 3600 
 118 ; 5 копеек (Ильин-3р) ; 1803 ; ЕМ ; Cu ; VF+ ; 127 ; Продано в зале ; 22000 
 119 ; 5 копеек (Петров-2р, Ильин-1р) ; 1804 ; КМ ; Cu ; VF+ ; 54 ; Isay ; 7500 
 120 ; 5 копеек (Петров-2р, Ильин-1р) ; 1805 ; КМ ; Cu ; VF+ ; 44 ; OMT ; 5667 
 121 ; 5 копеек. Редкая (Петров-10р, Ильин-50 р) ; 1805 ; ЕМ ; Cu ; VF-XF ; 54 ; Продано в зале ; 620000 
 122 ; 5 копеек (Петров-2,5р, Ильин-2р) ; 1806 ; КМ ; Cu ; VF-XF ; 53 ; SSK ; 7650 
 123 ; 5 копеек ; 1806 ; ЕМ ; Cu ; VF-XF ; 48 ; OMT ; 2457 
 124 ; 5 копеек (Петров-3р, Ильин-2р) ; 1807 ; КМ ; Cu ; XF- ; 24 ; OMT ; 8727 
 125 ; 5 копеек ; 1807 ; ЕМ ; Cu ; VF+ ; 37 ; taa ; 3303 
 126 ; 5 копеек  (Ильин - 3 р) ; 1808 ; ЕМ ; Cu ; XF- ; 37 ; Продано в зале ; 4400 
 127 ; 5 копеек (Ильин-1р) ; 1808 ; ЕМ ; Cu ; VF-XF ; 43 ; Продано в зале ; 8400 
 128 ; 5 копеек (Петров-4р, Ильин-3р) ; 1808 ; КМ ; Cu ; VF+ ; 31 ; OMT ; 5667 
 129 ; 5 копеек (Петров-5р, Ильин-3р) ; 1809 ; КМ ; Cu ; VF- ; 27 ; Продано в зале ; 6800 
 130 ; 5 копеек (Петров-1р) ; 1809 ; ЕМ ; Cu ; VF+ ; 53 ; OMT ; 5000 
 131 ; 5 копеек ; 1810 ; ЕМ ; Cu ; VF-XF ; 75 ; OMT ; 17907 
 132 ; 5 копеек (Петров-7р, Ильин-5р) ; 1810 ; КМ ; Cu ; VF ; 44 ; OMT ; 15000 
 133 ; 4 копейки ; 1762 ;  ; Cu ; VF+ ; 37 ; 67 ; 26000 
 134 ; 3 копейки ; 1899 ; СПБ ; Cu ; AU ; 31 ; Алексей Викторович ; 6575 
 135 ; 2 копейки ; 1758 ; Гурт надп. Екатер. ; Cu ; VF+ ; 21 ; serge ; 15414 
 136 ; Копейка ; 1728 ;  ; Cu ; VF+ ; 38 ; ANK ; 5320 
 137 ; Копейка ; 1828 ; ЕМ ИК ; Cu ; XF/AU ; 19 ; кабан ; 5667 
 138 ; Копейка ; 1903 ; СПБ ; Cu ; AU ; 53 ; Продано в зале ; 3000 
 139 ; Копейка ; 1909 ; СПБ ; Cu ; AU ; 15 ; Продано в зале ; 1750 
 140 ; Копейка ; 1913 ; СПБ ; Cu ; AU ; 8 ; спарта ; 306 
 141 ; 50 пенни ; 1872 ; S Финляндия ; Ag ; VF-XF ; 15 ; Fedor_K ; 2267 
 142 ; 25 пенни ; 1866 ; S Финляндия ; Ag ; VF-XF ; 12 ; Олег2401 ; 510 
 143 ; 10 золотн. ;  ; АД ; Ag ; AU/XF ; 30 ; Продано в зале ; 28000 
 144 ; 1 золотн. ;  ; АД ; Ag ; AU/XF ; 31 ; Продано в зале ; 20000 
 145 ; 24 доли ;  ; АД ; Ag ; AU ; 30 ; Продано в зале ; 16000 
 146 ; Медаль. На свадьбу Великого Князя Цесаревича Александра Николаевича и принцессы Марии Александровны. 1841 г. D-37мм ;  ;  ; Ag ; XF- ; 37 ; Продано в зале ; 140000 
 147 ; Медаль серебр. "За благонравие и успехи в науке". D -36 мм. M - 30 г. ;  ;  ; Ag ; XF+ ; 28 ; Продано в зале ; 50000 
 148 ; Медаль. За усердие. Имп. Николай II. D-30мм ;  ;  ; Ag ; XF+ ; 8 ; elac ; 4194 
 149 ; Жетон. В память смерти Александра III. D-28мм ;  ;  ; Al ; AU ; 34 ; lvd ; 2154 
 150 ; Жетон. В память коронации Николая II. D-25мм ;  ;  ; Ag ; AU ; 23 ; Продано в зале ; 6200 
 51 ; Рубль ; 1780 ; СПБ ИЗ ; Ag ; XF ; 42 ; Продано в зале ; 25000 
 52 ; Рубль ; 1786 ; СПБ ЯА TI ; Ag ; VF+ ; 33 ; vc57 ; 15302 
 53 ; Рубль ; 1798 ; СМ МБ ; Ag ; VF+ ; 29 ; Продано в зале ; 18000 
 54 ; Рубль ; 1802 ; СПБ АИ ; Ag ; VF+ ; 22 ; volod ; 11424 
 55 ; Рубль ; 1807 ; Рубль в "кольце" ; Ag ; AU ; 58 ; Продано в зале ; 1375000 
 56 ; Рубль ; 1817 ; СПБ ПС ; Ag ; AU/XF ; 36 ; Продано в зале ; 16000 
 57 ; Рубль ; 1818 ; СПБ ПС ; Ag ; XF ; 49 ; finger ; 14817 
 58 ; Рубль ; 1819 ; СПБ ПС ; Ag ; VF-XF ; 20 ; Basilio ; 5980 
 59 ; Рубль ; 1822 ; СПБ ПД ; Ag ; XF ; 27 ; verunk1 ; 19000 
 60 ; Рубль ; 1832 ; СПБ НГ ; Ag ; XF ; 37 ; Продано в зале ; 22000 
 61 ; Рубль ; 1834 ; "На открытие Александровской колонны" ; Ag ; XF+ ; 47 ; Продано в зале ; 74000 
 62 ; Рубль ; 1836 ; СПБ НГ ; Ag ; XF+ ; 38 ; Продано в зале ; 26000 
 63 ; Рубль ; 1839 ; H.Gube F. "На открытие Бородинского памятника-часовни" ; Ag ; XF ; 26 ; vc57 ; 74460 
 64 ; Рубль ; 1839 ; H.Gube F. "На открытие Бородинского памятника-часовни" ; Ag ; VF-XF ; 33 ; vc57 ; 66867 
 65 ; Рубль ; 1848 ; СПБ HI ; Ag ; XF ; 37 ; Продано в зале ; 11500 
 66 ; Рубль ; 1851 ; СПБ ПА ; Ag ; XF ; 20 ; Продано в зале ; 19000 
 67 ; Рубль ; 1855 ; СПБ HI ; Ag ; XF+ ; 37 ; Продано в зале ; 14000 
 68 ; Рубль ; 1868 ; СПБ HI ; Ag ; XF- ; 21 ; vc57 ; 11793 
 69 ; Рубль ; 1871 ; СПБ HI ; Ag ; VF-XF ; 21 ; марна ; 12000 
 70 ; Рубль ; 1875 ; СПБ HI ; Ag ; AU ; 48 ; sdfg ; 46000 
 71 ; Рубль ; 1877 ; СПБ HI ; Ag ; XF+ ; 19 ; vc57 ; 8160 
 72 ; Рубль ; 1879 ; СПБ НФ ; Ag ; XF ; 40 ; Продано в зале ; 22000 
 73 ; Рубль ; 1880 ; СПБ НФ ; Ag ; XF- ; 52 ; Алексей Викторович ; 15401 
 74 ; Рубль ; 1882 ; СПБ НФ ; Ag ; XF- ; 30 ; Продано в зале ; 14000 
 75 ; Рубль ; 1884 ; СПБ АГ ; Ag ; XF+ ; 57 ; Продано в зале ; 40000 
 76 ; Рубль ; 1888 ; (АГ) ; Ag ; XF ; 32 ; Продано в зале ; 28000 
 77 ; Рубль ; 1896 ; ( * ) ; Ag ; XF/AU ; 38 ; Продано в зале ; 9000 
 78 ; Рубль ; 1902 ; (АР) ; Ag ; VF-XF ; 27 ; Basilio ; 9000 
 79 ; Рубль ; 1912 ; На столетие отечественной войны 1812 г. ; Ag ; XF+ ; 41 ; vc57 ; 68181 
 80 ; Полтина ; 1724 ;  ; Ag ; XF ; 22 ; Продано в зале ; 74000 
 81 ; Полтина ; 1738 ;  ; Ag ; VF ; 24 ; андрей&ка ; 22000 
 82 ; Полтина ; 1911 ; (ЭБ) АГ ; Ag ; AU ; 43 ; 0987654321 ; 10111 
 83 ; Полуполтинник ; 1750 ; ММД ; Ag ; VF+ ; 23 ; ANK ; 5405 
 84 ; Полуполтинник ; 1751 ; ММД ; Ag ; VF+ ; 16 ; igors1969 ; 5600 
 85 ; Полуполтинник ; 1754 ; ММД МБ ; Ag ; VF+ ; 17 ; serg2010 ; 7933 
 86 ; 25 копеек ; 1855 ; СПБ HI ; Ag ; XF/AU ; 11 ; Продано в зале ; 2400 
 87 ; 25 копеек ; 1857 ; СПБ ФБ ; Ag ; AU ; 26 ; Isay ; 3570 
 88 ; 20 копеек ; 1868 ; СПБ HI ; Ag ; AU ; 25 ; 462 ; 2267 
 89 ; 15 копеек-1 злотый ; 1835 ; MW Рус.-Пол. ; Ag ; AU ; 46 ; Продано в зале ; 9000 
 90 ; 15 копеек ; 1899 ; СПБ АГ ; Ag ; XF+ ; 74 ; Продано в зале ; 3200 
 91 ; Гривенник ; 1744 ;  ; Ag ; VF-XF ; 10 ; Isay ; 4000 
 92 ; Гривенник ; 1746 ;  ; Ag ; VF-XF ; 24 ; каламбурчик ; 4539 
 93 ; Гривенник ; 1747 ;  ; Ag ; VF-XF ; 18 ; Isay ; 2913 
 94 ; Гривенник ; 1748 ;  ; Ag ; VF-XF ; 20 ; Продано в зале ; 5000 
 95 ; Гривенник ; 1751 ;  ; Ag ; VF-XF ; 18 ; Продано в зале ; 3400 
 96 ; Гривенник ; 1752 ; IШ ; Ag ; VF-XF ; 22 ; Isay ; 3179 
 97 ; Гривенник ; 1753 ; IП ; Ag ; XF- ; 25 ; Алексей Викторович ; 5011 
 98 ; Гривенник ; 1754 ; IП ; Ag ; XF- ; 37 ; Продано в зале ; 7200 
 99 ; 10 копеек ; 1841 ; СПБ НГ ; Ag ; VF+ ; 19 ; Продано в зале ; 3400 
 100 ; 10 копеек ; 1847 ; СПБ ПА ; Ag ; AU/XF ; 13 ; Продано в зале ; 3400 
 1 ; Сребреник ; 980-1015 ; Владимир Святославович(Святой) ; Ag ;  ; 60 ; serggg ; 244800 
 2 ; Сребреник ; 980-1015 ; Владимир Святославович(Святой) ; Ag ;  ; 33 ; serggg ; 81600 
 3 ; Сребреник ; 980-1015 ; Владимир Святославович(Святой) ; Ag ;  ; 44 ; serggg ; 30600 
 4 ; Сребреник ; 980-1015 ; Владимир Святославович(Святой) ; Ag ;  ; 42 ; serggg ; 34000 
 5 ; Сребреник ; 980-1015 ; Владимир Святославович(Святой) ; Ag ; (Разломан на две части) ; 34 ; ilgamax ; 13260 
 6 ; Сребреник ; 980-1015 ; Владимир Святославович(Святой) ; Ag ;  ; 28 ; serggg ; 32640 
 7 ; Сребреник ; 980-1015 ; Владимир Святославович(Святой) ; Ag ;  ; 42 ; Продано в зале ; 156000 
 8 ; Сребреник ; 1015-1016, 1018 ; Святополк Владимирович(Окаянный) ; Ag ;  ; 27 ; serggg ; 158100 
 9 ; Сребреник Святополка ; (?) ; Святополк Владимирович(Окаянный) ; Ag ;  ; 32 ; serggg ; 48960 
 10 ; Сребреник ; 1015-1016, 1018 ; Святополк Владимирович(Окаянный) ; Ag ;  ; 31 ; div ; 25580 
 11 ; 5 рублей. М-6,52г ; 1828 ; СПБ ПД ; Au ; XF+ ; 23 ; sail ; 97716 
 12 ; 5 рублей. М-6,53г ; 1839 ; СПБ АЧ ; Au ; XF+ ; 33 ; Basilio ; 42000 
 13 ; 5 рублей. М-6,5г ; 1849 ; СПБ АГ ; Au ; XF+ ; 24 ; Продано в зале ; 46000 
 14 ; 5 рублей. М-6,51г ; 1876 ; СПБ НI ; Au ; AU/XF ; 14 ; Basilio ; 37740 
 15 ; 5 рублей. М-6,49г ; 1877 ; СПБ НI ; Au ; AU ; 23 ; Basilio ; 37740 
 16 ; 5 рублей. М-6,55г ; 1885 ; СПБ АГ Новый орел ; Au ; AU ; 34 ; Продано в зале ; 64000 
 17 ; 3 рубля. М-3,92г ; 1873 ; СПБ НI ; Au ; AU ; 18 ; Продано в зале ; 105000 
 18 ; 3 рубля. М-3,9г ; 1875 ; СПБ НI ; Au ; AU ; 16 ; Продано в зале ; 90000 
 19 ; 3 рубля. М-3,91гр ; 1877 ; СПБ НI ; Au ; XF- ; 59 ; андрей&ка ; 70000 
 20 ; Рубль (Петров-10р). Реставрация. Убрана подвеска - 12 час ; 1712 ; G ; Ag ; F-VF ; 42 ; андрей&ка ; 87078 
 21 ; Рубль ; 1719 ; OK ; Ag ; VF ; 22 ; pda ; 23456 
 22 ; Рубль (Петров-5р) ; 1722 ;  ; Ag ; VF ; 35 ; korovan67 ; 45418 
 23 ; Рубль ; 1723 ; ОК ; Ag ; VF+ ; 18 ; Продано в зале ; 46000 
 24 ; Рубль ; 1726 ;  ; Ag ; VF+ ; 13 ; Продано в зале ; 32000 
 25 ; Рубль ; 1726 ;  ; Ag ; VF+ ; 39 ; Продано в зале ; 32000 
 26 ; Рубль (Петров-3,5р, Ильин-3р) ; 1726 ;  ; Ag ; VF+ ; 37 ; Продано в зале ; 48000 
 27 ; Рубль. Аверс-реверс - 90 градусов ; 1727 ; СПБ ; Ag ; VF+ ; 32 ; Продано в зале ; 38000 
 28 ; Рубль (Ильин-6р) ; 1730 ;  ; Ag ; VF+ ; 27 ; Продано в зале ; 75000 
 29 ; Рубль ; 1731 ;  ; Ag ; VF-XF ; 24 ; Продано в зале ; 40000 
 30 ; Рубль ; 1732 ;  ; Ag ; XF ; 35 ; Продано в зале ; 26000 
 31 ; Рубль ; 1734 ;  ; Ag ; AU ; 43 ; 8128 ; 40800 
 32 ; Рубль ; 1738 ;  ; Ag ; VF+ ; 16 ; Продано в зале ; 17000 
 33 ; Рубль ; 1738 ;  ; Ag ; VF+ ; 24 ; Продано в зале ; 18000 
 34 ; Рубль ; 1739 ; СПБ ; Ag ; XF+ ; 19 ; Продано в зале ; 36000 
 35 ; Рубль ; 1740 ;  ; Ag ; XF+ ; 25 ; Продано в зале ; 28000 
 36 ; Рубль (Петров-15р.) ; 1741 ; СПБ ; Ag ; XF- ; 36 ; Продано в зале ; 260000 
 37 ; Рубль ( Петров-15р.) ; 1741 ; СПБ ; Ag ; VF ; 26 ; Продано в зале ; 115000 
 38 ; Рубль ; 1743 ; ММД ; Ag ; VF+ ; 37 ; Продано в зале ; 17000 
 39 ; Рубль ; 1744 ; СПБ ; Ag ; XF+ ; 48 ; Продано в зале ; 30000 
 40 ; Рубль ; 1747 ; СПБ ; Ag ; VF+ ; 19 ; Basilio ; 20000 
 41 ; Рубль ; 1749 ; ММД ; Ag ; XF- ; 38 ; Продано в зале ; 21000 
 42 ; Рубль ; 1752 ; СПБ ЯI ; Ag ; VF-XF ; 22 ; Продано в зале ; 16000 
 43 ; Рубль ; 1753 ; СПБ ЯI ; Ag ; XF- ; 20 ; ANK ; 20000 
 44 ; Рубль ; 1755 ; СПБ ЯI BS ; Ag ; XF- ; 35 ; Продано в зале ; 30000 
 45 ; Рубль ; 1756 ; СПБ IM BS ; Ag ; VF-XF ; 19 ; Продано в зале ; 19000 
 46 ; Рубль ; 1756 ; ММД МБ ; Ag ; XF- ; 22 ; Продано в зале ; 34000 
 47 ; Рубль ; 1763 ; СПБ ЯI TI ; Ag ; XF ; 35 ; Алексей Викторович ; 15300 
 48 ; Рубль ; 1764 ; СПБ СА TI ; Ag ; XF- ; 32 ; Jora-05 ; 12341 
 49 ; Рубль ; 1765 ; СПБ ЯI TI ; Ag ; XF- ; 25 ; vc57 ; 11220 
 50 ; Рубль ; 1775 ; СПБ ЯЧ TИ ; Ag ; AU/XF ; 24 ; Продано в зале ; 22000 
